-4.2114610211009140e-05,4.2114610211009140e-05
-4.2114610211009140e-05,4.2114607942024390e-05
-4.2114611345501515e-05,4.2114615089326359e-05
-4.2114610097559905e-05,4.2051796885078501e-05
-4.2130313400680256e-05,4.2130308295464561e-05
-4.2130314421723390e-05,4.2130321909373078e-05
-4.2130313173781780e-05,4.2240233913190238e-05
-4.2114610211009140e-05,4.2126895402049960e-05
-4.2113074562129042e-05,4.2085424713942097e-05
-4.2116146767483144e-05,4.0838893274407464e-05
-4.2243872116790713e-05,4.2416594723756816e-05
-4.2228170061611978e-05,4.2228185036911340e-05
-4.2228168813670362e-05,4.2247974441222188e-05
-4.2226645303858687e-05,4.3553580033265533e-05
-4.2131864251758193e-05,4.2153166615101627e-05
-4.2130444094201969e-05,4.2383606521694790e-05
-4.2114621442483665e-05,4.2138254960761225e-05
-4.2113231235526158e-05,4.2116296407027532e-05
-4.2113060948220532e-05,4.2056958825389127e-05
-4.2116013691527446e-05,4.2143799678799504e-05
-4.2114624392163844e-05,4.2444982218886604e-05
-4.2098893067081803e-05,4.2125920986548243e-05
-4.2097664525287879e-05,4.4284105086776539e-05
-4.2002601892179674e-05,4.2010067759607400e-05
-4.2002290814370187e-05,4.2033007195449351e-05
-4.2001062159127021e-05,4.2416639649654907e-05
-4.1985078409491328e-05,4.2011988001402955e-05
-4.1984081757939045e-05,3.4666639060162932e-05
-4.2245418997145335e-05,4.2281648784273203e-05
-4.2244169694140925e-05,4.2253498624948463e-05
-4.2243858729780679e-05,4.2738714887888487e-05
-4.2227895627906231e-05,4.2267873324047323e-05
-4.2226646324901821e-05,4.5355379463377186e-05
-4.2131836229796509e-05,4.2173614365338250e-05
-4.2130607461104101e-05,4.2690046639799810e-05
-4.2114623484569939e-05,4.2125805949021321e-05
-4.2114312860557404e-05,4.2160201261977254e-05
-4.2113072633492003e-05,4.2006024428779472e-05
-4.2115889691510750e-05,4.2156285561541625e-05
-4.2114853899971501e-05,4.2752679127645721e-05
-4.2098908269279641e-05,4.2149734321867397e-05
-4.2097668609460427e-05,4.2110795820742681e-05
-4.2097356056810853e-05,4.6184966349070910e-05
-4.2002295352339688e-05,4.2124184305619118e-05
-4.1999525148856064e-05,4.2568823066298883e-05
-4.1986874084024000e-05,4.2116291755608796e-05
-4.1984060656380854e-05,2.9700032016454382e-05
-4.2245422967868656e-05,4.2260436386175180e-05
-4.2245110188320598e-05,4.2382973701847478e-05
-4.2242296647228212e-05,4.2882547419602236e-05
-4.2229491631780735e-05,4.2355352556317646e-05
-4.2227023770515301e-05,4.7177873168918760e-05
-4.2131815128238318e-05,4.2270849324447943e-05
-4.2129191841517379e-05,4.2154015442297326e-05
-4.2128732145206637e-05,4.2760564984151034e-05
-4.2117244275407651e-05,4.2356250053236268e-05
-4.2112976315089279e-05,4.1042080405145267e-05
-4.2131763962632163e-05,4.2381516559839790e-05
-4.2127457883369958e-05,4.3621823039707528e-05
-4.2102129660381184e-05,4.2137934239766542e-05
-4.2101532917391432e-05,4.2364210672789153e-05
-4.2097226724679992e-05,5.5969637265530756e-05
-4.1873478167569495e-05,4.2114570957572932e-05
-4.1869651297886901e-05,4.3493111703076014e-05
-4.1844284729055818e-05,4.2120927858703163e-05
-4.1840028680907400e-05,4.1880941198766282e-05
-4.1839408794273176e-05,5.0036093066951544e-06
-4.2389196846326576e-05,4.2677944669277717e-05
-4.2384950554812589e-05,4.5199851449759608e-05
-4.2344154889668426e-05,4.2645588379469098e-05
-4.2339848696956993e-05,5.5968885550882593e-05
-4.2147890431408743e-05,4.2282553768841505e-05
-4.2146020107277733e-05,4.2368601612081080e-05
-4.2142971045568096e-05,4.5191451895106487e-05
-4.2101775358412175e-05,4.2414622976007394e-05
-4.2097604056844238e-05,3.9501821969070628e-05
-4.2131759084314944e-05,4.2458985598630819e-05
-4.2127509389323824e-05,4.2902711887092593e-05
-4.2117570895762688e-05,4.4639615517068288e-05
-4.2085646280303126e-05,4.2425621879592345e-05
-4.2081396585312007e-05,6.8122716896063586e-05
-4.1759898803697794e-05,4.2102085074830811e-05
-4.1755725800391294e-05,4.5174949001759566e-05
-4.1714530340133843e-05,4.1974911315716434e-05
-4.1711430566615003e-05,4.1865924036634914e-05
-4.1709612996379476e-05,-2.7903427313483199e-05
-4.2519066953470902e-05,4.2893498447608930e-05
-4.2514763143193454e-05,2.9614152475158554e-04
-3.9632640852188972e-05,2.9807576905219185e-01
3.3090879929830786e-03,2.1704986353977200e+00
2.7462507141768601e-02,5.9590916276381751e+00
9.3248816315174385e-02,1.1941557886472655e+01
2.2406193264982574e-01,2.0666832283129335e+01
4.4869520378723543e-01,3.2915179418148817e+01
8.0363004019080941e-01,4.9460203709127164e+01
1.3327230270257395e+00,7.0668177114102363e+01
2.0827324034958141e+00,9.5698422490275476e+01
3.0907855467305776e+00,1.2224985153310081e+02
4.3697716393819279e+00,1.4758919408664741e+02
5.9047106871195778e+00,1.7007416224683453e+02
7.6644994164591322e+00,1.8930222564471433e+02
9.6146650111242309e+00,2.0567436387061127e+02
1.1725341764866707e+01,2.1977708442398173e+02
1.3972938135632244e+01,2.3217147418303202e+02
1.6339711331003983e+01,2.4331296172746761e+02
1.8812593931560876e+01,2.5352075106270320e+02
2.1381776431506783e+01,2.6306722784824871e+02
2.4040178340663342e+01,2.7212261423453145e+02
2.6782426420063313e+01,2.8083156013645532e+02
2.9604573085719469e+01,2.8929001797367306e+02
3.2503614822623000e+01,2.9757670558688704e+02
3.5477311402888880e+01,3.0576867416391042e+02
3.8524150559735325e+01,3.1389601366556241e+02
4.1642913075003406e+01,3.2199989684538411e+02
4.4832762284831389e+01,3.3010906045819473e+02
4.8093125960857662e+01,3.3823931112440306e+02
5.1423578004696139e+01,3.4642816591334304e+02
5.4824020260405902e+01,3.5468241557745023e+02
5.8294413784455486e+01,3.6300366853497178e+02
6.1834733803946499e+01,3.7144806566535664e+02
6.5445423799524050e+01,3.7997193268698231e+02
6.9126558977098441e+01,3.8860666422945775e+02
7.2878470642725972e+01,3.9737408129426376e+02
7.6701662121888447e+01,4.0625284658515994e+02
8.0596456546945305e+01,4.1523945773194606e+02
8.4563143861176471e+01,4.2441125669880171e+02
8.8602623230700061e+01,4.3371601611121594e+02
9.2715368422368712e+01,4.4315473792453668e+02
9.6901853628203952e+01,4.5273557257303241e+02
1.0116260887007394e+02,4.6247818118890461e+02
1.0549830725514305e+02,4.7239404598399256e+02
1.0990969926460212e+02,4.8249123682782954e+02
1.1439758514409019e+02,4.9270729313528557e+02
1.1896228347701786e+02,5.0311194985219987e+02
1.2360462850186271e+02,5.1368930827802023e+02
1.2832532432986187e+02,5.2449625238754311e+02
1.3312548298219576e+02,5.3542004830252336e+02
1.3800537737113527e+02,5.4649792032861126e+02
1.4296554619504650e+02,5.5786125396892987e+02
1.4800746562068667e+02,5.6938017583746989e+02
1.5313166305967343e+02,5.8103812766518377e+02
1.5833854100807670e+02,5.9292368811739982e+02
1.6362912008642508e+02,6.0505311592186342e+02
1.6900452033823132e+02,6.1736519879530078e+02
1.7446542116554755e+02,6.2978172004260693e+02
1.8001195317387959e+02,6.4252919732538601e+02
1.8564579667044993e+02,6.5550586443838768e+02
1.9136791681404750e+02,6.6855102479366894e+02
1.9717817993301850e+02,6.8189834678697139e+02
2.0307802239422654e+02,6.9555678492953746e+02
2.0906892110971833e+02,7.0927989549169899e+02
2.1515070135211175e+02,7.2325329829068085e+02
2.2132441187607753e+02,7.3758947425065583e+02
2.2759182289651361e+02,7.5202213582049387e+02
2.3395295249857216e+02,7.6666866121205521e+02
2.4040857581283430e+02,7.8170572011459149e+02
2.4696059053031772e+02,7.9687918868612633e+02
2.5360925154443527e+02,8.1219875472839976e+02
2.6035487183730135e+02,8.2799891950909148e+02
2.6719986423570623e+02,8.4389922876608944e+02
2.7414423356696750e+02,8.5995391225750529e+02
2.8118832142923139e+02,8.7653428069205506e+02
2.8833475724479479e+02,8.9316238830893360e+02
2.9558320599052325e+02,9.1001749639512809e+02
3.0293442978555760e+02,9.2739167312402662e+02
3.1039095162137329e+02,9.4476509739422647e+02
3.1795213263953963e+02,9.6246827904645852e+02
3.2561932073346765e+02,9.8066624893504115e+02
3.3339483007673266e+02,9.9878293798977995e+02
3.4127753876351682e+02,1.0174019189510207e+03
3.4926977086771990e+02,1.0363790166347603e+03
3.5737298015136020e+02,1.0553127361489064e+03
3.6558626919961745e+02,1.0749250440842420e+03
3.7391292418969761e+02,1.0946101599713932e+03
3.8235271202970392e+02,1.1144884088122349e+03
3.9090608986308632e+02,1.1350772261902694e+03
3.9957644961338957e+02,1.1554508884771369e+03
4.0836191480034176e+02,1.1764369626589739e+03
4.1726527928045016e+02,1.1978394168453847e+03
4.2628821054372304e+02,1.2190766522431713e+03
4.3542912644809473e+02,1.2412588158882338e+03
4.4469259574277049e+02,1.2632299208321808e+03
4.5407678539428127e+02,1.2857238315211357e+03
4.6358389259054024e+02,1.3088010516933657e+03
4.7321641946164851e+02,1.3315650705822409e+03
4.8297199508350747e+02,1.3554346843637970e+03
4.9285590196225627e+02,1.3790237065112356e+03
5.0286595334446753e+02,1.4031777065536044e+03
5.1300448345030838e+02,1.4279509198449355e+03
5.2327408875874869e+02,1.4523489291815044e+03
5.3367210464264463e+02,1.4780448773040041e+03
5.4420465428634463e+02,1.5031961042501946e+03
5.5486819990372237e+02,1.5292859127498257e+03
5.6566692587602040e+02,1.5556773218892179e+03
5.7660169003975898e+02,1.5819322313238401e+03
5.8767109476470046e+02,1.6094866968304202e+03
5.9888108349732840e+02,1.6362236158386231e+03