1.0232930000000001e-07,2.2136051869071325e-08,9.5245370560800998e-05,3.1655795796596857e-04
1.0471290000000000e-07,2.2838516186754067e-08,9.7464440718431531e-05,3.1655795796596857e-04
1.0715190000000000e-07,2.3558053234784826e-08,9.9735220411287413e-05,3.1686783631829101e-04
1.0964780000000001e-07,2.4302938906723428e-08,1.0205888965471172e-04,3.2056441511481732e-04
1.1220180000000000e-07,2.5070475742747202e-08,1.0443679027217146e-04,3.2277919034468200e-04
1.1481539999999999e-07,2.5862713970182957e-08,1.0686998980263086e-04,3.2559525740422004e-04
1.1748980000000000e-07,2.6679041875391329e-08,1.0935988926765102e-04,3.2785576955082465e-04
1.2022640000000000e-07,2.7521622162077973e-08,1.1190788771552333e-04,3.3068320249183576e-04
1.2302689999999999e-07,2.8388493400057275e-08,1.1451518884082850e-04,3.3247837373515620e-04
1.2589249999999999e-07,2.9285914801148922e-08,1.1718328838207827e-04,3.3635229391452205e-04
1.2882499999999999e-07,3.0206437271841159e-08,1.1991348869734358e-04,3.3716297868157860e-04
1.3182570000000000e-07,3.1159350966373279e-08,1.2270738813516605e-04,3.4106943207477006e-04
1.3489630000000000e-07,3.2141226341825177e-08,1.2556628708034677e-04,3.4344528935065943e-04
1.3803840000000000e-07,3.3150672242984713e-08,1.2849188649145717e-04,3.4503900203357031e-04
1.4125379999999999e-07,3.4195629107544956e-08,1.3148568605354869e-04,3.4904035587146197e-04
1.4454400000000000e-07,3.5269036576145625e-08,1.3454918545167260e-04,3.5038605499907214e-04
1.4791080000000000e-07,3.6381875895248423e-08,1.3768398500764038e-04,3.5499536708312359e-04
1.5135609999999999e-07,3.7525066077213321e-08,1.4089198498027370e-04,3.5635604479962218e-04
1.5488169999999999e-07,3.8706687661889505e-08,1.4417468505462387e-04,3.5995417123511772e-04
1.5848929999999999e-07,3.9920459731489428e-08,1.4753378421599261e-04,3.6133856468391714e-04
1.6218099999999999e-07,4.1176886001182142e-08,1.5097128533323134e-04,3.6550570511580561e-04
1.6595870000000001e-07,4.2467491277157565e-08,1.5448878478161189e-04,3.6690987302630913e-04
1.6982439999999999e-07,4.3798217074796873e-08,1.5808828345671599e-04,3.6969753783860671e-04
1.7378010000000000e-07,4.5175685687563764e-08,1.6177168359063506e-04,3.7396659680882517e-04
1.7782790000000000e-07,4.6590606961218935e-08,1.6554098410568105e-04,3.7538033064946752e-04
1.8197010000000000e-07,4.8055219115089526e-08,1.6939798265064578e-04,3.7972846937747121e-04
1.8620869999999999e-07,4.9559632120915671e-08,1.7334488139463103e-04,3.8116331413841137e-04
1.9054610000000001e-07,5.1110785968599600e-08,1.7738378186997846e-04,3.8405349603235563e-04
1.9498450000000001e-07,5.2716402062886091e-08,1.8151678166249027e-04,3.8848685576891505e-04
1.9952619999999999e-07,5.4365621500041295e-08,1.8574608096799837e-04,3.8995098668172034e-04
2.0417380000000000e-07,5.6072730753449368e-08,1.9007398061909479e-04,3.9444289170974879e-04
2.0892960000000001e-07,5.7826184221484534e-08,1.9450268081161137e-04,3.9592959374356944e-04
2.1379620000000000e-07,5.9631317625697995e-08,1.9903468759819990e-04,3.9830774515946314e-04
2.1877620000000001e-07,6.1499714059841802e-08,2.0367218736180355e-04,4.0288873949007758e-04
2.2387210000000000e-07,6.3421661089938526e-08,2.0841778284529447e-04,4.0499596663534404e-04
2.2908680000000001e-07,6.5403262039493286e-08,2.1327388143783403e-04,4.0806439815680329e-04
2.3442289999999999e-07,6.7448094446661523e-08,2.1824328518254459e-04,4.1148445813942255e-04
2.3988330000000001e-07,6.9554648760042872e-08,2.2332838173588949e-04,4.1426043562450609e-04
2.4547090000000002e-07,7.1726614994171603e-08,2.2853197314099105e-04,4.1739753663198078e-04
2.5118860000000002e-07,7.3967693029931050e-08,2.3385688117366960e-04,4.2086699375954215e-04
2.5703960000000001e-07,7.6276515391346748e-08,2.3930586841165133e-04,4.2371586876222261e-04
2.6302679999999998e-07,7.8656939820886381e-08,2.4488187502694491e-04,4.2690487902412452e-04
2.6915349999999999e-07,8.1113266073453802e-08,2.5058778199346481e-04,4.3048831096970661e-04
2.7542290000000000e-07,8.3643686633908159e-08,2.5642656894861568e-04,4.3338121083901692e-04
2.8183830000000002e-07,8.6244527273873579e-08,2.6240157071836715e-04,4.3528700746704892e-04
2.8840319999999998e-07,8.8944583919606270e-08,2.6851566827663356e-04,4.4161163933050597e-04
2.9512089999999999e-07,9.1709251338545743e-08,2.7477227538017667e-04,4.4187965988368432e-04
3.0199519999999998e-07,9.4568152256996280e-08,2.8117476632036207e-04,4.4652947503706262e-04
3.0902949999999999e-07,9.7518135363080157e-08,2.8772637725966906e-04,4.5026835894439057e-04
3.1622779999999998e-07,1.0055705373925019e-07,2.9443067981644357e-04,4.5327882362637212e-04
3.2359369999999998e-07,1.0368046358190671e-07,3.0129126534172984e-04,4.5526869844337458e-04
3.3113109999999999e-07,1.0690037815761923e-07,3.0831166598847771e-04,4.5865111376572278e-04
3.3884420000000002e-07,1.1024309523307148e-07,3.1549576909820195e-04,4.6529358284510571e-04
3.4673690000000002e-07,1.1366561725922471e-07,3.2284716602194670e-04,4.6556077187161801e-04
3.5481339999999998e-07,1.1719384142899241e-07,3.3036996116090511e-04,4.6900441984602738e-04
3.6307809999999998e-07,1.2083106902275741e-07,3.3806806158928995e-04,4.7248378059002680e-04
3.7153520000000001e-07,1.2460110359417063e-07,3.4594547304480435e-04,4.7858799717438971e-04
3.8018940000000001e-07,1.2847293915479496e-07,3.5400655645371603e-04,4.8031205784869062e-04
3.8904510000000002e-07,1.3245828114111028e-07,3.6225545568261438e-04,4.8313621923680612e-04
3.9810720000000002e-07,1.3656662690068542e-07,3.7069666978665344e-04,4.8670081210347432e-04
4.0738030000000002e-07,1.4081837609675864e-07,3.7933446102861096e-04,4.9222643578379491e-04
4.1686939999999999e-07,1.4518473082980397e-07,3.8817366391950760e-04,4.9397607306221885e-04
4.2657949999999999e-07,1.4968578885277962e-07,3.9721875778179968e-04,4.9762424707830162e-04
4.3651580000000001e-07,1.5432565259360901e-07,4.0647475472079024e-04,5.0128190095700194e-04
4.4668360000000001e-07,1.5910872244395604e-07,4.1594644978210419e-04,5.0498562500000087e-04
4.5708820000000001e-07,1.6405869737417208e-07,4.2563885507104483e-04,5.1070655659272741e-04
4.6773509999999999e-07,1.6914197654602710e-07,4.3555716028719773e-04,5.1251489655474661e-04
4.7863009999999998e-07,1.7438196293940173e-07,4.4570655513014880e-04,5.1628559874325084e-04
4.8977880000000002e-07,1.7978365287344087e-07,4.5609254502265213e-04,5.2009389475124500e-04
5.0118720000000001e-07,1.8535184928684843e-07,4.6672055645667019e-04,5.2391705146128743e-04
5.1286140000000005e-07,1.9107385221516315e-07,4.7759625271654154e-04,5.2612750407783019e-04
5.2480750000000004e-07,1.9699016104785132e-07,4.8872545494818933e-04,5.3160223972425450e-04
5.3703179999999995e-07,2.0311288376843295e-07,5.0011394483214064e-04,5.3762375722963965e-04
5.4954090000000002e-07,2.0939050619539338e-07,5.1176793816827939e-04,5.3866706852265906e-04
5.6234130000000000e-07,2.1586143013239678e-07,5.2369345342950910e-04,5.4261168555463316e-04
5.7543990000000003e-07,2.2254175746104737e-07,5.3589694320809052e-04,5.4741122825172550e-04
5.8884370000000000e-07,2.2942801522648939e-07,5.4838484036358575e-04,5.5143453535023285e-04
6.0255960000000005e-07,2.3650435807219313e-07,5.6116383428063204e-04,5.5374804085823906e-04
6.1659500000000002e-07,2.4382090705119142e-07,5.7424063407656453e-04,5.5950607894709006e-04
6.3095729999999998e-07,2.5133938072927811e-07,5.8762214619569866e-04,5.6185531284884036e-04
6.4565420000000000e-07,2.5911305739117307e-07,6.0131553360742458e-04,5.6769566420345559e-04
6.6069339999999997e-07,2.6710124821350877e-07,6.1532813687541492e-04,5.7007186099270423e-04
6.7608300000000003e-07,2.7536723595891349e-07,6.2966733602873813e-04,5.7646090670893839e-04
6.9183100000000000e-07,2.8388082959937948e-07,6.4434062949265123e-04,5.8021013901234791e-04
7.0794580000000005e-07,2.9262953833704453e-07,6.5935602874256003e-04,5.8264909191263665e-04
7.2443600000000004e-07,3.0164674989699981e-07,6.7472132819419229e-04,5.8685556948239923e-04
7.4131020000000005e-07,3.1097009453441596e-07,6.9044473664993432e-04,5.9295951406842444e-04
7.5857759999999998e-07,3.2055053649465261e-07,7.0653462077375703e-04,5.9543262627055464e-04
7.7624710000000005e-07,3.3042487725956268e-07,7.2299952482391381e-04,5.9972051673244165e-04
7.9432819999999998e-07,3.4060243066262302e-07,7.3984813118754388e-04,6.0405906479184539e-04
8.1283049999999997e-07,3.5112540494495064e-07,7.5708951690574766e-04,6.1033228154145800e-04
8.3176380000000000e-07,3.6193829202694668e-07,7.7473262089073974e-04,6.1286761621956486e-04
8.5113799999999998e-07,3.7308298442655936e-07,7.9278711216456137e-04,6.1728088765215783e-04
8.7096359999999999e-07,3.8456978261216793e-07,8.1126232429338781e-04,6.2174107152393248e-04
8.9125090000000003e-07,3.9640900678484949e-07,8.3016812362624102e-04,6.2622182560184963e-04
9.1201080000000002e-07,4.0861152966122657e-07,8.4951461330452023e-04,6.3073576030059787e-04
9.3325429999999995e-07,4.2118838181950605e-07,8.6931201486581194e-04,6.3527792368822862e-04
9.5499260000000001e-07,4.3415124501693009e-07,8.8957080637277791e-04,6.3986359664971993e-04
9.7723719999999999e-07,4.4745850299332314e-07,9.1030190000743671e-04,6.4189850332573093e-04
9.9999999999999995e-07,4.6120550414563570e-07,9.3151610928831653e-04,6.4800912305049238e-04
1.0232930000000000e-06,4.7537350241072569e-07,9.5322489891298151e-04,6.5263879332050194e-04
1.0471290000000001e-06,4.8999850996252405e-07,9.7543959545010864e-04,6.5834829331815373e-04
1.0715189999999999e-06,5.0507204174087171e-07,9.9817209771661916e-04,6.6308282307108357e-04
1.0964780000000000e-06,5.2055879594896729e-07,1.0214348965103749e-03,6.6573048004234942e-04
1.1220180000000001e-06,5.3656967034982033e-07,1.0452388842806966e-03,6.7261311656423382e-04
1.1481540000000001e-06,5.5307155347611212e-07,1.0695989000165135e-03,6.7741676792223732e-04
1.1748979999999999e-06,5.7002555217999735e-07,1.0945258953652403e-03,6.8014610131305773e-04
1.2022640000000000e-06,5.8755335801031590e-07,1.1200338805424884e-03,6.8714975755719174e-04
1.2302690000000001e-06,6.0548929523428676e-07,1.1461368854965674e-03,6.8712155001020736e-04
1.2589250000000000e-06,6.2410455032113430e-07,1.1728478746100928e-03,6.9691373118869516e-04
1.2882499999999999e-06,6.4322873142324508e-07,1.2001818841989738e-03,6.9964785224521295e-04
1.3182570000000000e-06,6.6293812515125876e-07,1.2281528652807285e-03,7.0463719775886054e-04
1.3489630000000000e-06,6.8331464193475766e-07,1.2567758739039643e-03,7.1189290586865450e-04
1.3803839999999999e-06,7.0416517759067913e-07,1.2860668738213993e-03,7.1184103358351201e-04
1.4125380000000000e-06,7.2573664736965296e-07,1.3160398752486448e-03,7.1969668540986680e-04
1.4454400000000000e-06,7.4803812831277963e-07,1.3467108616711171e-03,7.2711978140965674e-04
1.4791080000000000e-06,7.7095004026990985e-07,1.3780978687748288e-03,7.2998078094616600e-04
1.5135610000000000e-06,7.9446727247225025e-07,1.4102158539448973e-03,7.3221380724270162e-04
1.5488169999999999e-06,8.1879762996290639e-07,1.4430828528673352e-03,7.4026708517174766e-04
1.5848930000000001e-06,8.4387112086191472e-07,1.4767158553951590e-03,7.4550260204290792e-04
1.6218099999999999e-06,8.6971063509900687e-07,1.5111328380162867e-03,7.5077802495184128e-04
1.6595870000000000e-06,8.9623246656907847e-07,1.5463528427843317e-03,7.5303315955637664e-04
1.6982440000000000e-06,9.2367123705187738e-07,1.5823928398196116e-03,7.6134219589248976e-04
1.7378009999999999e-06,9.5194803548792413e-07,1.6192738444455442e-03,7.6670358421213405e-04
1.7782790000000000e-06,9.8108857358277049e-07,1.6570138331500480e-03,7.7213955528738522e-04
1.8197009999999999e-06,1.0109987263667447e-06,1.6956338212565395e-03,7.7447338154271617e-04
1.8620870000000000e-06,1.0418428080164625e-06,1.7351538177208369e-03,7.8046772290535685e-04
1.9054610000000000e-06,1.0735999413373930e-06,1.7755958245012585e-03,7.8525117443737670e-04
1.9498450000000001e-06,1.1064551006410043e-06,1.8169798110882263e-03,7.9390996405256388e-04
1.9952620000000000e-06,1.1402032829273132e-06,1.8593288055403574e-03,7.9690634271035662e-04
2.0417380000000001e-06,1.1749525247181128e-06,1.9026657964508738e-03,8.0183790015672413e-04
2.0892959999999999e-06,1.2109017908077847e-06,1.9470117991431926e-03,8.1065403660156093e-04
2.1379619999999999e-06,1.2478300947109296e-06,1.9923927621152428e-03,8.1373998004160772e-04
2.1877619999999998e-06,1.2858514322241504e-06,2.0388307070580412e-03,8.1875581617693919e-04
2.2387210000000002e-06,1.3250608162885305e-06,2.0863517797964966e-03,8.2509467494934084e-04
2.2908679999999999e-06,1.3652992408232282e-06,2.1349808435301458e-03,8.2745628735711463e-04
2.3442290000000001e-06,1.4070597272888831e-06,2.1847427614585242e-03,8.3920572606868454e-04
2.3988330000000001e-06,1.4497832286171990e-06,2.2356647647049327e-03,8.3899883360006970e-04
2.4547090000000000e-06,1.4939787892196274e-06,2.2877746763736149e-03,8.4812196350334348e-04
2.5118860000000001e-06,1.5394833972776236e-06,2.3410997275878707e-03,8.5334391663614221e-04
2.5703959999999999e-06,1.5864090555852874e-06,2.3956667548170425e-03,8.5996362071521332e-04
2.6302680000000000e-06,1.6345657579931495e-06,2.4515067383970579e-03,8.6240538267451741e-04
2.6915349999999999e-06,1.6843825130893932e-06,2.5086486853940432e-03,8.7180709993784071e-04
2.7542290000000000e-06,1.7355073290063023e-06,2.5671227868360063e-03,8.7431554579169859e-04
2.8183830000000002e-06,1.7883952022953848e-06,2.6269598257318964e-03,8.8386514882699398e-04
2.8840319999999999e-06,1.8426671072926041e-06,2.6881917690525455e-03,8.8633321194816854e-04
2.9512089999999998e-06,1.8986310911471306e-06,2.7508507810957662e-03,8.9315139242738487e-04
3.0199519999999998e-06,1.9562441365772280e-06,2.8149717887370959e-03,8.9850499156788406e-04
3.0902949999999999e-06,2.0156031508629923e-06,2.8805867589473681e-03,9.0465657601520135e-04
3.1622780000000000e-06,2.0770093339073739e-06,2.9477316052370227e-03,9.1453307941882387e-04
3.2359370000000002e-06,2.1400257051121779e-06,3.0164426357704617e-03,9.1712161374346817e-04
3.3113110000000001e-06,2.2050009412518508e-06,3.0867557640581263e-03,9.2408399003165531e-04
3.3884419999999999e-06,2.2718932090065370e-06,3.1587076929183787e-03,9.2967997959592129e-04
3.4673689999999998e-06,2.3405837175340100e-06,3.2323367037854242e-03,9.3292722146586318e-04
3.5481340000000001e-06,2.4118712464511067e-06,3.3076836433442161e-03,9.4612374881493876e-04
3.6307810000000001e-06,2.4847857363219651e-06,3.3847856090670771e-03,9.4568911683711669e-04
3.7153520000000000e-06,2.5601484620391923e-06,3.4636866048706467e-03,9.5515557122813908e-04
3.8018939999999998e-06,2.6375322106901272e-06,3.5444266881319540e-03,9.5843037962309264e-04
3.8904510000000004e-06,2.7175830308087442e-06,3.6270496654406590e-03,9.6886874240228083e-04
3.9810720000000000e-06,2.7998579233239456e-06,3.7115985540784979e-03,9.7310436412265393e-04
4.0738029999999997e-06,2.8846189384657620e-06,3.7981195285588945e-03,9.7965858164277692e-04
4.1686939999999998e-06,2.9717970117910368e-06,3.8866575794333897e-03,9.8463962628736750e-04
4.2657950000000004e-06,3.0619742578920809e-06,3.9772596705233299e-03,9.9531086993925942e-04
4.3651580000000003e-06,3.1545024576381351e-06,4.0699745415928848e-03,9.9798660860607414e-04
4.4668360000000003e-06,3.2498208608876686e-06,4.1648505377522623e-03,1.0046630033735025e-03
4.5708819999999996e-06,3.3480153048771738e-06,4.2619395559973195e-03,1.0113856928870969e-03
4.6773509999999996e-06,3.4491708375352223e-06,4.3612925066890112e-03,1.0181432152120988e-03
4.7863009999999996e-06,3.5533786239267783e-06,4.4629614841501745e-03,1.0249713235422522e-03
4.8977879999999996e-06,3.6608044187154170e-06,4.5670015426083543e-03,1.0325426223382946e-03
5.0118720000000003e-06,3.7713943516354754e-06,4.6734675389641126e-03,1.0387347764118050e-03
5.1286140000000003e-06,3.8853183212171155e-06,4.7824155140798966e-03,1.0456731248154789e-03
5.2480749999999997e-06,4.0022864541260673e-06,4.8939044687228584e-03,1.0491454806759693e-03
5.3703180000000001e-06,4.1231727115587152e-06,5.0079924170252478e-03,1.0595883196377531e-03
5.4954090000000004e-06,4.2472880276993492e-06,5.1247415169859058e-03,1.0630944151386068e-03
5.6234130000000000e-06,4.3755626019337829e-06,5.2442125453148096e-03,1.0736877051170416e-03
5.7543990000000001e-06,4.5072621805677836e-06,5.3664694359536217e-03,1.0772364481531373e-03
5.8884369999999998e-06,4.6433751744463968e-06,5.4915775041328701e-03,1.0879633572760269e-03
6.0255960000000003e-06,4.7831091184161569e-06,5.6196024597370414e-03,1.0914586403122091e-03
6.1659499999999998e-06,4.9270530335136916e-06,5.7506133672092924e-03,1.0987170295574239e-03
6.3095730000000000e-06,5.0753213693876567e-06,5.8846783043578774e-03,1.1059441717385038e-03
6.4565419999999998e-06,5.2280427832293025e-06,6.0218704794925372e-03,1.1131933267458044e-03
6.6069339999999999e-06,5.3853522466932532e-06,6.1622623116150991e-03,1.1205029600769077e-03
6.7608300000000001e-06,5.5473870993578972e-06,6.3059274036892654e-03,1.1278651642181404e-03
6.9183100000000002e-06,5.7141589835150801e-06,6.4529423185834501e-03,1.1343875162409089e-03
7.0794579999999998e-06,5.8857789942547929e-06,6.6033863817437912e-03,1.1407562859878544e-03
7.2443600000000002e-06,6.0625293091590723e-06,6.7573383266354868e-03,1.1480875738765239e-03
7.4131019999999999e-06,6.2449026536980825e-06,6.9148802412824003e-03,1.1576179263007526e-03
7.5857759999999996e-06,6.4327534005602598e-06,7.0760961869782016e-03,1.1652119525238144e-03
7.7624709999999996e-06,6.6255870483326097e-06,7.2410721982863633e-03,1.1688587100833227e-03
7.9432819999999998e-06,6.8240372139493372e-06,7.4098952964052629e-03,1.1754917889077135e-03
8.1283050000000001e-06,7.0292783875980479e-06,7.5826552651110015e-03,1.1880134917036090e-03
8.3176380000000004e-06,7.2399618393674051e-06,7.7594442561034456e-03,1.1917226892163302e-03
8.5113799999999998e-06,7.4569295634829633e-06,7.9403561970252876e-03,1.1993001844432837e-03
8.7096360000000006e-06,7.6802344435754804e-06,8.1254881727509075e-03,1.2061929292186365e-03
8.9125089999999994e-06,7.9103924896988215e-06,8.3149360841927988e-03,1.2148882738880827e-03
9.1201079999999995e-06,8.1474358661507960e-06,8.5088041199966359e-03,1.2227047923043012e-03
9.3325430000000001e-06,8.3913825296866238e-06,8.7071921276145239e-03,1.2296442031198263e-03
9.5499259999999993e-06,8.6428143975716372e-06,8.9102070582698645e-03,1.2384895390372493e-03
9.7723719999999999e-06,8.9006514992418615e-06,9.1179570471479413e-03,1.2410932152759060e-03
1.0000000000000001e-05,9.1673150367473492e-06,9.3305529920117616e-03,1.2543209028577701e-03
1.0232930000000000e-05,9.4414795647604578e-06,9.5481059879513157e-03,1.2602195011337880e-03
1.0471290000000000e-05,9.7236125508978561e-06,9.7707340365009113e-03,1.2672840999841362e-03
1.0715190000000000e-05,1.0013883893689708e-05,9.9985539552329711e-03,1.2741262678319346e-03
1.0964780000000001e-05,1.0312564325753183e-05,1.0231688876183290e-02,1.2811484047347908e-03
1.1220180000000000e-05,1.0621425251391726e-05,1.0470258971482960e-02,1.2946338695576298e-03
1.1481540000000000e-05,1.0938196621022311e-05,1.0714388951783621e-02,1.2975521041719770e-03
1.1748980000000001e-05,1.1263267958104333e-05,1.0964218919241389e-02,1.3011703135132188e-03
1.2022640000000000e-05,1.1600579882437259e-05,1.1219878912336376e-02,1.3193770376407807e-03
1.2302689999999999e-05,1.1945292160517779e-05,1.1481498772221713e-02,1.3176074562214035e-03
1.2589250000000000e-05,1.2301754668302797e-05,1.1749218798380498e-02,1.3314749475394202e-03
1.2882500000000001e-05,1.2668507580790995e-05,1.2023188761990888e-02,1.3386610256653987e-03
1.3182569999999999e-05,1.3044891036559763e-05,1.2303538701532992e-02,1.3425487317154910e-03
1.3489630000000001e-05,1.3434094826247981e-05,1.2590438712863960e-02,1.3565833890443267e-03
1.3803839999999999e-05,1.3833178777847033e-05,1.2884028700812920e-02,1.3593241186018613e-03
1.4125380000000001e-05,1.4245543427210908e-05,1.3184458633885010e-02,1.3725817702223597e-03
1.4454400000000000e-05,1.4668638323117371e-05,1.3491898607937376e-02,1.3761870010904861e-03
1.4791080000000000e-05,1.5104323667011065e-05,1.3806518521500178e-02,1.3847990070301962e-03
1.5135610000000000e-05,1.5553269581317581e-05,1.4128468540405538e-02,1.3944584188345286e-03
1.5488170000000000e-05,1.6015175931699657e-05,1.4457928429532635e-02,1.4020108839528130e-03
1.5848929999999999e-05,1.6490772827984946e-05,1.4795078545741597e-02,1.4106383875321549e-03
1.6218100000000000e-05,1.6980410130909764e-05,1.5140088392908625e-02,1.4191980517233565e-03
1.6595869999999999e-05,1.7482817844027984e-05,1.5493148391569848e-02,1.4230094460525456e-03
1.6982440000000001e-05,1.8001906198784078e-05,1.5854448370280456e-02,1.4367240114671294e-03
1.7378009999999999e-05,1.8534485009885209e-05,1.6224168291246611e-02,1.4404926023715312e-03
1.7782790000000001e-05,1.9084664401007049e-05,1.6602518307702482e-02,1.4541545320271108e-03
1.8197009999999999e-05,1.9649194396781680e-05,1.6989698311879266e-02,1.4580556580521928e-03
1.8620870000000001e-05,2.0230394181210260e-05,1.7385898132332149e-02,1.4669360116423892e-03
1.9054609999999999e-05,2.0830885835208936e-05,1.7791348246974283e-02,1.4810494122777385e-03
1.9498450000000000e-05,2.1446877523521490e-05,1.8206258217058909e-02,1.4846393982456440e-03
1.9952620000000001e-05,2.2081129850604333e-05,1.8630848062169216e-02,1.4938000387599167e-03
2.0417380000000001e-05,2.2734082855623864e-05,1.9065337999215379e-02,1.5028035159077866e-03
2.0892959999999999e-05,2.3406316679902580e-05,1.9509957914129617e-02,1.5119291820484017e-03
2.1379619999999999e-05,2.4095781096113667e-05,1.9964957820196156e-02,1.5153067220859287e-03
2.1877620000000000e-05,2.4807655937493782e-05,2.0430578456331130e-02,1.5288730484311099e-03
2.2387209999999999e-05,2.5538403131283569e-05,2.0907057996199945e-02,1.5336381368882719e-03
2.2908679999999998e-05,2.6293348532685206e-05,2.1394647045067754e-02,1.5483231281642432e-03
2.3442290000000000e-05,2.7067645791058995e-05,2.1893617914167583e-02,1.5517885037470609e-03
2.3988330000000001e-05,2.7864205479366479e-05,2.2404227128573994e-02,1.5600182406294546e-03
2.4547090000000000e-05,2.8684754208686541e-05,2.2926746999520013e-02,1.5703684681588645e-03
2.5118860000000002e-05,2.9530833102736459e-05,2.3461457731317862e-02,1.5823114138838385e-03
2.5703960000000000e-05,3.0398104914486064e-05,2.4008647421358990e-02,1.5849564191979134e-03
2.6302680000000000e-05,3.1293075514480601e-05,2.4568598247225435e-02,1.5983021341377469e-03
2.6915350000000000e-05,3.2213659156536772e-05,2.5141618039006691e-02,1.6065477235864705e-03
2.7542290000000002e-05,3.3160070927063262e-05,2.5727996867364010e-02,1.6139937609578692e-03
2.8183830000000002e-05,3.4133636863368655e-05,2.6328068214894342e-02,1.6224169681025892e-03
2.8840320000000000e-05,3.5134601650908713e-05,2.6942137938417366e-02,1.6300507079185409e-03
2.9512090000000001e-05,3.6167738629340357e-05,2.7570537547260243e-02,1.6440764187203229e-03
3.0199519999999999e-05,3.7227416086641725e-05,2.8213586711131281e-02,1.6478949306493237e-03
3.0902950000000002e-05,3.8156938640912017e-05,2.8871407772758362e-02,1.4130325228127653e-03
3.1622779999999997e-05,3.9273177903887865e-05,2.9544807799491504e-02,1.6576168973307802e-03
3.2359369999999998e-05,4.0421968225557772e-05,3.0233926893486817e-02,1.6670417808474095e-03
3.3113110000000001e-05,4.1605111201253167e-05,3.0939126163118513e-02,1.6777427695200584e-03
3.3884419999999998e-05,4.2819593647982698e-05,3.1660776583109826e-02,1.6829234946529120e-03
3.4673689999999999e-05,4.4069417356909748e-05,3.2399266887612244e-02,1.6924036799226114e-03
3.5481339999999998e-05,4.5353151707426113e-05,3.3154985810777214e-02,1.6986928753087707e-03
3.6307809999999999e-05,4.6679169283312023e-05,3.3928335899644869e-02,1.7146407493499800e-03
3.7153519999999997e-05,4.8039648043062679e-05,3.4719735487413743e-02,1.7190794394853601e-03
3.8018939999999999e-05,4.9443937339011531e-05,3.5529606853821984e-02,1.7339658545737278e-03
3.8904510000000001e-05,5.0883658667568906e-05,3.6358366358798321e-02,1.7372003819111199e-03
3.9810720000000003e-05,5.2365150171346676e-05,3.7206465881127984e-02,1.7468368567267174e-03
4.0738029999999997e-05,5.3889613571655748e-05,3.8074355326326380e-02,1.7565179629078077e-03
4.1686939999999998e-05,5.5452299208076823e-05,3.8962496439527747e-02,1.7595015174877617e-03
4.2657950000000000e-05,5.7066295779222768e-05,3.9871366752024760e-02,1.7758271438217462e-03
4.3651579999999999e-05,5.8719524900620607e-05,4.0801445768379900e-02,1.7775146974894974e-03
4.4668359999999998e-05,6.0428256181807929e-05,4.1753224832774466e-02,1.7953024447687927e-03
4.5708820000000000e-05,6.2179716647340607e-05,4.2727215022087817e-02,1.7982321431465689e-03
4.6773510000000003e-05,6.3981761884310113e-05,4.3723935306278515e-02,1.8079748807687803e-03
4.7863010000000000e-05,6.5843017055031649e-05,4.4743904655305138e-02,1.8248148069329466e-03
4.8977880000000003e-05,6.7742024823651763e-05,4.5787685451061939e-02,1.8193549606775653e-03
5.0118720000000000e-05,6.9704583719593666e-05,4.6855824289284746e-02,1.8373631083457756e-03
5.1286140000000000e-05,7.1723775458923018e-05,4.7948895391486661e-02,1.8472647710307396e-03
5.2480749999999997e-05,7.3799728304177088e-05,4.9067465086101561e-02,1.8558994180231142e-03
5.3703180000000003e-05,7.5937034054190825e-05,5.0212145086768814e-02,1.8671644029491755e-03
5.4954090000000002e-05,7.8125800707434562e-05,5.1383535267508967e-02,1.8685205742980937e-03
5.6234130000000000e-05,8.0378961074206609e-05,5.2582265101389650e-02,1.8796231670299062e-03
5.7543990000000003e-05,8.2695151625072097e-05,5.3808964061478462e-02,1.8881491109259550e-03
5.8884369999999999e-05,8.5088907465410510e-05,5.5064305032778732e-02,1.9068570970475070e-03
6.0255959999999998e-05,8.7540193986897392e-05,5.6348933274516504e-02,1.9081680145618769e-03
6.1659499999999995e-05,9.0051742194942084e-05,5.7663543377662947e-02,1.9104890507333260e-03
6.3095730000000002e-05,9.2652294737516057e-05,5.9008833879728828e-02,1.9330787949371989e-03
6.4565420000000005e-05,9.5315019091818517e-05,6.0385523050922964e-02,1.9341507219039276e-03
6.6069340000000004e-05,9.8059434842755043e-05,6.1794342974342810e-02,1.9480245170543737e-03
6.7608300000000001e-05,1.0087116474653041e-04,6.3236043492514035e-02,1.9502870869062361e-03
6.9183099999999998e-05,1.0377686767820266e-04,6.4711394180660381e-02,1.9694998314760117e-03
7.0794580000000000e-05,1.0675167254515661e-04,6.6221172507084813e-02,1.9703587042470671e-03
7.2443599999999999e-05,1.0981138129198621e-04,6.7766193432216543e-02,1.9803671892461359e-03
7.4131020000000000e-05,1.1295819214125362e-04,6.9347273889754618e-02,1.9902914075399796e-03
7.5857760000000001e-05,1.1619480649932111e-04,7.0965262385714947e-02,2.0003939250176636e-03
7.7624709999999996e-05,1.1951012275026889e-04,7.2621003479573829e-02,2.0023156176072671e-03
7.9432819999999998e-05,1.2293334331393290e-04,7.4315402902171493e-02,2.0203149965761324e-03
8.1283050000000004e-05,1.2643736730281893e-04,7.6049342705110559e-02,2.0208452351959671e-03
8.3176380000000004e-05,1.3005789511422893e-04,7.7823762164817886e-02,2.0404013220228986e-03
8.5113799999999998e-05,1.3376632617561737e-04,7.9639592664641226e-02,2.0422782091991695e-03
8.7096360000000006e-05,1.3757976084310947e-04,8.1497810973133730e-02,2.0521994913427401e-03
8.9125090000000004e-05,1.4151750164193228e-04,8.3399401751927851e-02,2.0707614081510771e-03
9.1201080000000002e-05,1.4553124292727312e-04,8.5345381234972845e-02,2.0625815021750871e-03
9.3325429999999995e-05,1.4967798851724264e-04,8.7336781442376457e-02,2.0823265833521572e-03
9.5499260000000006e-05,1.5393933964418430e-04,8.9374660046753859e-02,2.0910721167532596e-03
9.7723719999999995e-05,1.5830599431423988e-04,9.1460120105925732e-02,2.0938567731618846e-03
1.0000000000000000e-04,1.6281135406538921e-04,9.3594260731173134e-02,2.1110885092808771e-03
1.0232930000000000e-04,1.6742801609985800e-04,9.5778210632824240e-02,2.1139047333359287e-03
1.0471290000000001e-04,1.7217128509824949e-04,9.8013139959873055e-02,2.1223351186029989e-03
1.0715190000000000e-04,1.7704815630202042e-04,1.0030028989902659e-01,2.1322918625859143e-03
1.0964780000000000e-04,1.8208683365648565e-04,1.0264069049712275e-01,2.1529123512291121e-03
1.1220179999999999e-04,1.8722051605895548e-04,1.0503588879768820e-01,2.1433224970382942e-03
1.1481540000000001e-04,1.9252050366727372e-04,1.0748688919505345e-01,2.1623772946000219e-03
1.1748980000000000e-04,1.9796959548855513e-04,1.0999518940100002e-01,2.1724241015341553e-03
1.2022640000000000e-04,2.0354789109682184e-04,1.1256198916356906e-01,2.1732492302724642e-03
1.2302689999999999e-04,2.0931058876831355e-04,1.1518868753105185e-01,2.1938939555569102e-03
1.2589249999999999e-04,2.1520600856685191e-04,1.1787678813503943e-01,2.1931544488301411e-03
1.2882500000000000e-04,2.2126611746326881e-04,1.2062758741379330e-01,2.2030356570262683e-03
1.3182569999999999e-04,2.2749144824041158e-04,1.2344258702563465e-01,2.2114854833214900e-03
1.3489630000000001e-04,2.3389476795391485e-04,1.2632338729237486e-01,2.2227572620815571e-03
1.3803840000000000e-04,2.4044819430144186e-04,1.2927138726230528e-01,2.2230076032469176e-03
1.4125380000000001e-04,2.4721303677581669e-04,1.3228818725723732e-01,2.2423901106268726e-03
1.4454400000000000e-04,2.5416678036857055e-04,1.3537538562571261e-01,2.2524446967067454e-03
1.4791079999999999e-04,2.6127864207075425e-04,1.3853478593633234e-01,2.2510163331561717e-03
1.5135610000000001e-04,2.6859248767012044e-04,1.4176788590087810e-01,2.2621773776158919e-03
1.5488169999999999e-04,2.7614265206126642e-04,1.4507638450465157e-01,2.2820515573241471e-03
1.5848929999999999e-04,2.8382952458446401e-04,1.4846228461650418e-01,2.2702596855379972e-03
1.6218100000000001e-04,2.9176370701225219e-04,1.5192708394821755e-01,2.2899399555888944e-03
1.6595870000000001e-04,2.9992300005933086e-04,1.5547288403213341e-01,2.3011147989110254e-03
1.6982440000000001e-04,3.0830300333403623e-04,1.5910138385355335e-01,2.3094952975431095e-03
1.7378010000000001e-04,3.1688159648186046e-04,1.6281468297154930e-01,2.3102348814964422e-03
1.7782790000000001e-04,3.2573090251415590e-04,1.6661468361821277e-01,2.3287643490443608e-03
1.8197010000000000e-04,3.3478412624804221e-04,1.7050328210582583e-01,2.3281456706638459e-03
1.8620870000000001e-04,3.4408635689855082e-04,1.7448278124025021e-01,2.3375380509673559e-03
1.9054609999999999e-04,3.5364450090999731e-04,1.7855518191706765e-01,2.3470539296040266e-03
1.9498450000000000e-04,3.6347183838816562e-04,1.8272268235884029e-01,2.3580891269175809e-03
1.9952619999999999e-04,3.7356300203918755e-04,1.8698748078813029e-01,2.3661525435099860e-03
2.0417379999999999e-04,3.8387706624731907e-04,1.9135188001079942e-01,2.3632265706948316e-03
2.0892959999999999e-04,3.9452814520535095e-04,1.9581808022267960e-01,2.3848189630415132e-03
2.1379620000000000e-04,4.0542162062616037e-04,2.0038868613991273e-01,2.3833766502897018e-03
2.1877619999999999e-04,4.1661252700459303e-04,2.0506598675547197e-01,2.3925993427075468e-03
2.2387209999999999e-04,4.2813563335460325e-04,2.0985248812200896e-01,2.4074173321185421e-03
2.2908680000000001e-04,4.3997394982317478e-04,2.1475067655947724e-01,2.4168764880532867e-03
2.3442290000000001e-04,4.5204278367030106e-04,2.1976327518020700e-01,2.4077000295246466e-03
2.3988330000000000e-04,4.6450510724913073e-04,2.2489296763113228e-01,2.4294484899541721e-03
2.4547090000000000e-04,4.7459707994077253e-04,2.3014257568807336e-01,1.9224240328376634e-03
2.5118860000000000e-04,4.8128281402868732e-04,2.3551468433447409e-01,1.2445269684547751e-03
2.5703960000000002e-04,4.8705160910387477e-04,2.4101217454424897e-01,1.0493506773200183e-03
2.6302679999999997e-04,4.9264920329082889e-04,2.4663786809321839e-01,9.9500517371401104e-04
2.6915350000000001e-04,4.9823811509064353e-04,2.5239466568799479e-01,9.7083694672293083e-04
2.7542289999999997e-04,5.0339389416838342e-04,2.5828576402566139e-01,8.7518129595203420e-04
2.8183830000000002e-04,5.0859997189343855e-04,2.6431428087250930e-01,8.6357521382348463e-04
2.8840320000000002e-04,5.1385666398897766e-04,2.7048327479673523e-01,8.5211497370677467e-04
2.9512089999999999e-04,5.1918263758735062e-04,2.7679608062430883e-01,8.4367771540029405e-04
3.0199520000000001e-04,5.2458033954311484e-04,2.8325607264659564e-01,8.3555861015654250e-04
3.0902950000000001e-04,5.3007133769523323e-04,2.8986666462035732e-01,8.3063637476232474e-04
3.1622779999999998e-04,5.3520740380762677e-04,2.9663136896584580e-01,7.5924472823693382e-04
3.2359370000000003e-04,5.4088901982285399e-04,3.0355387569759540e-01,8.2074546625846251e-04
3.3113110000000001e-04,5.4656582105975843e-04,3.1063767750315990e-01,8.0137776193076504e-04
3.3884420000000000e-04,5.5211881934913226e-04,3.1788656306056390e-01,7.6604855262227430e-04
3.4673689999999998e-04,5.5815001984291408e-04,3.2530445917671830e-01,8.1306079235153443e-04
3.5481340000000002e-04,5.6382743279345779e-04,3.3289537158932592e-01,7.4792233686087767e-04
3.6307810000000000e-04,5.7012794515014979e-04,3.4066316790720369e-01,8.1110679256498892e-04
3.7153520000000000e-04,5.7606906587735903e-04,3.4861207092773294e-01,7.4741391508555968e-04
3.8018939999999999e-04,5.8264619119523730e-04,3.5674626398289916e-01,8.0857747944660242e-04
3.8904510000000001e-04,5.8888140805410036e-04,3.6507006853357404e-01,7.4908256445754969e-04
3.9810719999999999e-04,5.9576614640179288e-04,3.7358796390221372e-01,8.0826754142110564e-04
4.0738029999999999e-04,6.0232937990024806e-04,3.8230446887667030e-01,7.5296618514971716e-04
4.1686940000000002e-04,6.0955614510314427e-04,3.9122406277939986e-01,8.1021235739047826e-04
4.2657950000000002e-04,6.1645959004858299e-04,4.0035165905221554e-01,7.5632671944517345e-04
4.3651580000000001e-04,6.2404035985439582e-04,4.0969195407725184e-01,8.1161995263456929e-04
4.4668360000000001e-04,6.3146401791837922e-04,4.1925005862330228e-01,7.7668726348582753e-04
4.5708819999999999e-04,6.3929549165284616e-04,4.2903096506297200e-01,8.0068997518510459e-04
4.6773509999999997e-04,6.4747238626658042e-04,4.3903986309584686e-01,8.1696252543254314e-04
4.7863010000000000e-04,6.5560127122597279e-04,4.4928215948119088e-01,7.9365843884621234e-04
4.8977880000000001e-04,6.6398356349365131e-04,4.5976316231477810e-01,7.9976051917634704e-04
5.0118720000000001e-04,6.7285356912619534e-04,4.7048855461364519e-01,8.2700990186447315e-04
5.1286140000000001e-04,6.8194270637052235e-04,4.8146396019673499e-01,8.2813679872851382e-04
5.2480750000000003e-04,6.9126163088357659e-04,4.9269525940806452e-01,8.2972809625210639e-04
5.3703180000000004e-04,7.0090365859440981e-04,5.0418835232434922e-01,8.3894107365749542e-04
5.4954090000000004e-04,7.1038099720736457e-04,5.1594935608198278e-01,8.0582736033932257e-04
5.6234130000000005e-04,7.2051695408294723e-04,5.2798464434243353e-01,8.4218646502141469e-04
5.7543990000000005e-04,7.3108693165201664e-04,5.4030045263828363e-01,8.5824473028140672e-04
5.8884370000000005e-04,7.4204491326273320e-04,5.5290335195798168e-01,8.6948100851599105e-04
6.0255960000000000e-04,7.5310361056426839e-04,5.6580015008235307e-01,8.5747618865470647e-04
6.1659499999999995e-04,7.6448550972707291e-04,5.7899753639603491e-01,8.6243585603043690e-04
6.3095730000000002e-04,7.7617012821057656e-04,5.9250263440302109e-01,8.6520056925607890e-04
6.4565420000000002e-04,7.8820754760241618e-04,6.0632264653809798e-01,8.7101366295382282e-04
6.6069339999999999e-04,8.0118260560723157e-04,6.2046473577065564e-01,9.1747815980006912e-04
6.7608299999999996e-04,8.1391145873854710e-04,6.3493663731832761e-01,8.7955636578824494e-04
6.9183099999999996e-04,8.2733273224424068e-04,6.4974592853716262e-01,9.0627385925289353e-04
7.0794580000000003e-04,8.4117593029951981e-04,6.6490042357558643e-01,9.1347141690831810e-04
7.2443599999999996e-04,8.5566294709389374e-04,6.8040833123598565e-01,9.3416965793314383e-04
7.4131019999999998e-04,8.7008164928763774e-04,6.9627782085535039e-01,9.0858008288745675e-04
7.5857759999999996e-04,8.8546338607674107e-04,7.1251721963225556e-01,9.4718634602276083e-04
7.7624710000000002e-04,9.0130045487321891e-04,7.2913532835002903e-01,9.5300067326793507e-04
7.9432820000000003e-04,9.1707710214828471e-04,7.4614092805930032e-01,9.2773248487464403e-04
8.1283050000000002e-04,9.3389601080135810e-04,7.6354291820688780e-01,9.6649340164148452e-04
8.3176379999999996e-04,9.5120841449982372e-04,7.8135071128975830e-01,9.7218131510740438e-04
8.5113799999999998e-04,9.6908144388242897e-04,7.9957371980487912e-01,9.8079465680844411e-04
8.7096359999999998e-04,9.8749149864231283e-04,8.1822151411080191e-01,9.8725106346956334e-04
8.9125089999999999e-04,1.0064605610050966e-03,8.3730421708162339e-01,9.9404483692842145e-04
9.1201080000000005e-04,1.0265652796057317e-03,8.5683191212604426e-01,1.0295489843989115e-03
9.3325430000000000e-04,1.0467319983436226e-03,8.7681480104895315e-01,1.0091993612981070e-03
9.5499259999999998e-04,1.0675297292995773e-03,8.9726381576506720e-01,1.0170529604815654e-03
9.7723720000000001e-04,1.0895185061767943e-03,9.1818951326783993e-01,1.0508025777541347e-03
1.0000000000000000e-03,1.1116642763996524e-03,9.3960320039325085e-01,1.0341876246327767e-03
1.0232930000000000e-03,1.1350781092642401e-03,9.6151620370997715e-01,1.0684903628301789e-03
1.0471289999999999e-03,1.1586289462513502e-03,9.8394010631177120e-01,1.0502559436387185e-03
1.0715189999999999e-03,1.1834958160691356e-03,1.0068869056790439e+00,1.0836748698492178e-03
1.0964779999999999e-03,1.2091247232199997e-03,1.0303688952826771e+00,1.0914282641066747e-03
1.1220180000000000e-03,1.2355726557358949e-03,1.0543989013763992e+00,1.1006211322936196e-03
1.1481540000000000e-03,1.2628716200530493e-03,1.0789878953403234e+00,1.1102107047244896e-03
1.1748980000000000e-03,1.2910246155415654e-03,1.1041518803925634e+00,1.1187812832534633e-03
1.2022640000000000e-03,1.3200636486376716e-03,1.1299018871113262e+00,1.1277291463752048e-03
1.2302690000000000e-03,1.3500217124124976e-03,1.1562518862468270e+00,1.1369284538026443e-03
1.2589249999999999e-03,1.3811038098660269e-03,1.1832178810171801e+00,1.1526404910417636e-03
1.2882499999999999e-03,1.4134119393144514e-03,1.2108108822678942e+00,1.1708813098969520e-03
1.3182570000000000e-03,1.4463541198164384e-03,1.2390488664868875e+00,1.1665910798204099e-03
1.3489629999999999e-03,1.4808903273991507e-03,1.2679448769875676e+00,1.1951894737129651e-03
1.3803839999999999e-03,1.5165535877633670e-03,1.2975148775226526e+00,1.2060622157210267e-03
1.4125380000000001e-03,1.5528008767916035e-03,1.3277738649426556e+00,1.1979015862333406e-03
1.4454400000000001e-03,1.5907602141675688e-03,1.3587388685659896e+00,1.2258786673404677e-03
1.4791080000000000e-03,1.6298985999843849e-03,1.3904268585129724e+00,1.2351173388497822e-03
1.5135610000000001e-03,1.6703350224112606e-03,1.4228528513668162e+00,1.2470372953308775e-03
1.5488170000000001e-03,1.7120385011122649e-03,1.4560358497157371e+00,1.2567724671077084e-03
1.5848930000000000e-03,1.7545740090263117e-03,1.4899918567778496e+00,1.2526651863465730e-03
1.6218100000000000e-03,1.8001666051848876e-03,1.5247408420435746e+00,1.3120554689562904e-03
1.6595869999999999e-03,1.8460472395368181e-03,1.5602998348313244e+00,1.2902681081489007e-03
1.6982440000000000e-03,1.8939819293589824e-03,1.5966878377293157e+00,1.3173212598818038e-03
1.7378010000000000e-03,1.9428466607053761e-03,1.6339248399606672e+00,1.3122627606486548e-03
1.7782790000000000e-03,1.9938934338015195e-03,1.6720308307484983e+00,1.3395996808051765e-03
1.8197010000000000e-03,2.0465852627355309e-03,1.7110248324137238e+00,1.3512803683598713e-03
1.8620869999999999e-03,2.1007021871223093e-03,1.7509288271819650e+00,1.3561781145242291e-03
1.9054610000000000e-03,2.1569453097233719e-03,1.7917638106439413e+00,1.3773269347209130e-03
1.9498450000000000e-03,2.2151111864218815e-03,1.8335508178557676e+00,1.3919608169988265e-03
1.9952619999999998e-03,2.2748773849317924e-03,1.8763138043128704e+00,1.3976151681984238e-03
2.0417380000000000e-03,2.3365925820275487e-03,1.9200727987037642e+00,1.4103431295623915e-03
2.0892960000000000e-03,2.4007467406015935e-03,1.9648528023568719e+00,1.4326519281021254e-03
2.1379620000000002e-03,2.4667261737447458e-03,2.0106778694311092e+00,1.4398109453121937e-03
2.1877620000000002e-03,2.5352296162947578e-03,2.0575718370257134e+00,1.4608156670004994e-03
2.2387209999999999e-03,2.6053501534495085e-03,2.1055597853999002e+00,1.4612113984950009e-03
2.2908680000000002e-03,2.6783125937766146e-03,2.1546667750801847e+00,1.4857852375422464e-03
2.3442290000000002e-03,2.7536242118059067e-03,2.2049198398628880e+00,1.4986472637030751e-03
2.3988330000000000e-03,2.8313631490216413e-03,2.2563448295824484e+00,1.5116957269155286e-03
2.4547089999999998e-03,2.9116118881016436e-03,2.3089687780351875e+00,1.5249471284366433e-03
2.5118860000000001e-03,2.9950298958145573e-03,2.3628216789221317e+00,1.5489974790408607e-03
2.5703960000000000e-03,3.0805028667018151e-03,2.4179307633665825e+00,1.5509778786728637e-03
2.6302679999999998e-03,3.1691549725710072e-03,2.4743248411076846e+00,1.5720109171069711e-03
2.6915350000000001e-03,3.2604202796422204e-03,2.5320346951543882e+00,1.5814510117692180e-03
2.7542290000000000e-03,3.3550085730641105e-03,2.5910917004965830e+00,1.6016439180045737e-03
2.8183829999999998e-03,3.4526370832737019e-03,2.6515266401432185e+00,1.6154315827967686e-03
2.8840319999999999e-03,3.5534386113288334e-03,2.7133706917572051e+00,1.6299308571227904e-03
2.9512090000000002e-03,3.6573821768935760e-03,2.7766587822140814e+00,1.6423874510097432e-03
3.0199519999999998e-03,3.7647069402682270e-03,2.8414226811576979e+00,1.6571695825183027e-03
3.0902949999999998e-03,3.8754888723402572e-03,2.9076977101175552e+00,1.6715486030059788e-03
3.1622780000000001e-03,3.9903440279426133e-03,2.9755185986422115e+00,1.6935070905271471e-03
3.2359369999999999e-03,4.1083542446352893e-03,3.0449226415309703e+00,1.7003363461379863e-03
3.3113109999999999e-03,4.2306525739399950e-03,3.1159467389291744e+00,1.7219272582800515e-03
3.3884420000000002e-03,4.3568560041876885e-03,3.1886275936551862e+00,1.7364054223556892e-03
3.4673690000000001e-03,4.4870906273188731e-03,3.2630036844701937e+00,1.7510280750720317e-03
3.5481340000000001e-03,4.6214862844866809e-03,3.3391156607321673e+00,1.7657622856253907e-03
3.6307810000000000e-03,4.7601341407560770e-03,3.4170045664530386e+00,1.7800719497365267e-03
3.7153519999999999e-03,4.9032111984285203e-03,3.4967106563368198e+00,1.7950580423787361e-03
3.8018940000000001e-03,5.0508905132658601e-03,3.5782755663763837e+00,1.8105741153359456e-03
3.8904510000000001e-03,5.2036738877793663e-03,3.6617456684121352e+00,1.8303964028708931e-03
3.9810720000000004e-03,5.3613675468742409e-03,3.7471625984369470e+00,1.8461639753274675e-03
4.0738030000000000e-03,5.5235381605014304e-03,3.8345725309642438e+00,1.8552881684989935e-03
4.0926069999999998e-03,5.5567544084465558e-03,3.8522986109445121e+00,1.8738631430130349e-03
4.1114970000000004e-03,5.5902615163608569e-03,3.8701055949867631e+00,1.8816834919825522e-03
4.1304749999999998e-03,5.6238836659047555e-03,3.8879956536877804e+00,1.8793761443603855e-03
4.1495400000000002e-03,5.6579499984816348e-03,3.9059676030856827e+00,1.8955279598581287e-03
4.1686939999999997e-03,5.6913570616168498e-03,3.9240236137772539e+00,1.8501907041299222e-03
4.1879359999999997e-03,5.7256402565452362e-03,3.9421625018006115e+00,1.8900384017057463e-03
4.2072660000000003e-03,5.7601326180728944e-03,3.9603856484446185e+00,1.8927774769897721e-03
4.2266860000000003e-03,5.7948787420974025e-03,3.9786926590553144e+00,1.8979682026407957e-03
4.2461959999999998e-03,5.8292919755059021e-03,3.9970845202676015e+00,1.8711120648033195e-03
4.2657950000000002e-03,5.8644363053769466e-03,4.0155616267354395e+00,1.9020472676400200e-03
4.2854850000000003e-03,5.8998194008943287e-03,4.0341235838048695e+00,1.9062157823678874e-03
4.3052660000000003e-03,5.9354637573338183e-03,4.0527715754377729e+00,1.9114313831306185e-03
4.3251380000000001e-03,5.9712799855732752e-03,4.0715065882690524e+00,1.9117269127064533e-03
4.3451020000000000e-03,6.0073592506776638e-03,4.0903276356638045e+00,1.9169637240511869e-03
4.3651580000000001e-03,6.0433094639368414e-03,4.1092355069299522e+00,1.9013358380296200e-03
4.3853069999999997e-03,6.0795949357357942e-03,4.1282305967214565e+00,1.9102553447882123e-03
4.4055489999999999e-03,6.1162890717112468e-03,4.1473144836541609e+00,1.9227810406154688e-03
4.4258839999999997e-03,6.1532063845015812e-03,4.1664855891122210e+00,1.9256747020194478e-03
4.4463130000000003e-03,6.1904417883843904e-03,4.1857464783463838e+00,1.9332131258388112e-03
4.4668360000000001e-03,6.2278099933250394e-03,4.2050955727408050e+00,1.9312637676429142e-03
4.4874540000000001e-03,6.2655004332247532e-03,4.2245346482383077e+00,1.9389008445671787e-03
4.5081670000000004e-03,6.3028246342487632e-03,4.2440635075119131e+00,1.9112330372751021e-03
4.5289759999999997e-03,6.3409251196138395e-03,4.2636825452155813e+00,1.9420160122303996e-03
4.5498810000000004e-03,6.3792574641809386e-03,4.2833925506572346e+00,1.9448165390198978e-03
4.5708820000000001e-03,6.4178708023681901e-03,4.3031935238368728e+00,1.9500727482908869e-03
4.5919799999999998e-03,6.4567191569891488e-03,4.3230866487163775e+00,1.9528533026494700e-03
4.6131760000000001e-03,6.4958035146787203e-03,4.3430705440068866e+00,1.9557927581883095e-03
4.6344689999999996e-03,6.5350769116155555e-03,4.3631475776321658e+00,1.9561354366307514e-03
4.6558609999999999e-03,6.5746384059438409e-03,4.3833175522652343e+00,1.9614052594505694e-03
4.6773509999999997e-03,6.6144408365152469e-03,4.4035804679060915e+00,1.9642992783896283e-03
4.6989409999999999e-03,6.6546132551749864e-03,4.4239375085166204e+00,1.9733918808886885e-03
4.7206300000000000e-03,6.6939284854316767e-03,4.4443884767698405e+00,1.9224141258202029e-03
4.7424199999999998e-03,6.7347380729112696e-03,4.4649345566276351e+00,1.9862469026718241e-03
4.7643099999999999e-03,6.7755654198191021e-03,4.4855745641281208e+00,1.9780684143100593e-03
4.7863009999999998e-03,6.8166398201064517e-03,4.5063104725411023e+00,1.9808343801149533e-03
4.8083930000000002e-03,6.8579143099519709e-03,4.5271424791935599e+00,1.9813016832273969e-03
4.8305880000000002e-03,6.8994388130817130e-03,4.5480715707203965e+00,1.9840566455785998e-03
4.8528850000000004e-03,6.9413183074492728e-03,4.5690965631597287e+00,1.9918910548198067e-03
4.8752850000000000e-03,6.9833487569568743e-03,4.5902184431464592e+00,1.9899009715994491e-03
4.8977880000000001e-03,7.0257383415688818e-03,4.6114385919694501e+00,1.9976101471107306e-03
4.9203950000000002e-03,7.0682818412256369e-03,4.6327566149747419e+00,1.9956587740896626e-03
4.9431070000000004e-03,7.1111872385645255e-03,4.6541734987972356e+00,2.0033445432348965e-03
4.9659229999999997e-03,7.1542499055068289e-03,4.6756894407639127e+00,2.0014307070077200e-03
4.9888450000000004e-03,7.1976784166708756e-03,4.6973044408747731e+00,2.0091839436182542e-03
5.0118719999999997e-03,7.2413699646998540e-03,4.7190204723996203e+00,2.0119490054610828e-03
5.0350059999999999e-03,7.2852225315448733e-03,4.7408355620686500e+00,2.0101942054941749e-03
5.0582470000000001e-03,7.3294460731131300e-03,4.7627524724595887e+00,2.0177817392792686e-03
5.0815940000000000e-03,7.3739375847208287e-03,4.7847704142645151e+00,2.0206934872424652e-03
5.1050499999999999e-03,7.4187002235996564e-03,4.8068905714453116e+00,2.0236130563162664e-03
5.1286140000000001e-03,7.4637337924226338e-03,4.8291125493480180e+00,2.0265328775029515e-03
5.1522859999999998e-03,7.5090414484214494e-03,4.8514375319345149e+00,2.0294598584017841e-03
5.1760679999999998e-03,7.5546229942691214e-03,4.8738655192048048e+00,2.0323511556497994e-03
5.1999600000000000e-03,7.6004825738322382e-03,4.8963974977937879e+00,2.0353108086805867e-03
5.2239620000000004e-03,7.6466192004758984e-03,4.9190344543363675e+00,2.0381108457260418e-03
5.2480749999999996e-03,7.6930368207397109e-03,4.9417754021976403e+00,2.0411471213501822e-03
5.2722990000000003e-03,7.7397354346236758e-03,4.9646215253394912e+00,2.0440498194820782e-03
5.2966339999999997e-03,7.7867172127245787e-03,4.9875724291079573e+00,2.0470556878659299e-03
5.3210829999999999e-03,7.8340938421133481e-03,5.0106304814268041e+00,2.0546674425769508e-03
5.3456440000000001e-03,7.8816474738035783e-03,5.0337954849690512e+00,2.0528221203809697e-03
5.3703179999999998e-03,7.9294901895201574e-03,5.0570664530997984e+00,2.0558970923675183e-03
5.3951060000000002e-03,7.9777328870260962e-03,5.0804465430507291e+00,2.0634094054893921e-03
5.4200089999999999e-03,8.0267167446705836e-03,5.1039333868980821e+00,2.0855870615416332e-03
5.4450269999999999e-03,8.0754363814882560e-03,5.1275295498925990e+00,2.0647270841870594e-03
5.4701600000000000e-03,8.1245631038665868e-03,5.1512354266882445e+00,2.0723436134349113e-03
5.4954089999999997e-03,8.1739319464499208e-03,5.1750494386691726e+00,2.0731006024046505e-03
5.5207740000000000e-03,8.2235995420816450e-03,5.1989745457400911e+00,2.0759612688252892e-03
5.5462569999999997e-03,8.2736242995479752e-03,5.2230105505740188e+00,2.0812426113227768e-03
5.5718570000000004e-03,8.3238400695313745e-03,5.2471574531709555e+00,2.0795946718967129e-03
5.5975759999999999e-03,8.3744729887514340e-03,5.2714164374927854e+00,2.0871821568595357e-03
5.6234129999999998e-03,8.4254127514260813e-03,5.2957865169046050e+00,2.0902583784746802e-03
5.6493699999999999e-03,8.4766605415172031e-03,5.3202704539841408e+00,2.0931188445977660e-03
5.6754459999999998e-03,8.5286792881209203e-03,5.3448674594234706e+00,2.1148406350530841e-03
5.7016430000000002e-03,8.5805512234511869e-03,5.3695775332225955e+00,2.0992221938286558e-03
5.7279599999999998e-03,8.6327371060073398e-03,5.3944024513243383e+00,2.1021572897954037e-03
5.7543990000000003e-03,8.6852398956940857e-03,5.4193424110556805e+00,2.1051673800726043e-03
5.7809599999999999e-03,8.7380597898384059e-03,5.4443974124166212e+00,2.1081577040607561e-03
5.8076439999999998e-03,8.7911997483450053e-03,5.4695684420420632e+00,2.1111555346503092e-03
5.8344510000000000e-03,8.8446615471567090e-03,5.4948554999320063e+00,2.1141960857758517e-03
5.8613820000000001e-03,8.8990314447324175e-03,5.5202593753943727e+00,2.1402205996582041e-03
5.8884369999999998e-03,8.9531444225795856e-03,5.5457814497180236e+00,2.1202421543386144e-03
5.9156160000000003e-03,9.0075833845984499e-03,5.5714215255759809e+00,2.1231981652646979e-03
5.9429219999999998e-03,9.0623522773286141e-03,5.5971803922761660e+00,2.1262151540918949e-03
5.9703530000000003e-03,9.1175122721340197e-03,5.6230574578376364e+00,2.1316170751422376e-03
5.9979109999999999e-03,9.1730051575554337e-03,5.6490554848381187e+00,2.1345037229318748e-03
6.0255960000000003e-03,9.2293090568664748e-03,5.6751725000078102e+00,2.1558320866766644e-03
6.0534090000000000e-03,9.2854771952149678e-03,5.7014104766165126e+00,2.1407191257980887e-03
6.0813500000000001e-03,9.3419851306237867e-03,5.7277704012991295e+00,2.1437062544447656e-03
6.1094200000000000e-03,9.3988340470548132e-03,5.7542524713826415e+00,2.1466945843641289e-03
6.1376199999999999e-03,9.4560271017397335e-03,5.7808564895400689e+00,2.1497900936048391e-03
6.1659499999999999e-03,9.5140461671647924e-03,5.8075834424063117e+00,2.1708073387722484e-03
6.1944110000000004e-03,9.5719951815117950e-03,5.8344343166162735e+00,2.1581798005482146e-03
6.2230030000000004e-03,9.6302322932502443e-03,5.8614104934588172e+00,2.1588348889604136e-03
6.2517270000000003e-03,9.6888214363218053e-03,5.8885094076831983e+00,2.1620476225150775e-03
6.2805839999999996e-03,9.7483125610209782e-03,5.9157354004829843e+00,2.1850855958369321e-03
6.3095729999999997e-03,9.8076756205098415e-03,5.9430863012613910e+00,2.1704242931453897e-03
6.3386969999999999e-03,9.8673336838344689e-03,5.9705644779421849e+00,2.1711070577082599e-03
6.3679549999999998e-03,9.9273528555333095e-03,5.9981683519095208e+00,2.1743024826827626e-03
6.3973479999999998e-03,9.9882880190753712e-03,6.0259014750490492e+00,2.1971980305099809e-03
6.4268770000000001e-03,1.0049095117407123e-02,6.0537624660719036e+00,2.1825174230834798e-03
6.4565420000000000e-03,1.0110277334328701e-02,6.0817513249780868e+00,2.1859489565707671e-03
6.4863439999999998e-03,1.0171819475662607e-02,6.1098714063262642e+00,2.1885477702537266e-03
6.5162839999999998e-03,1.0234231631653292e-02,6.1381203421926722e+00,2.2093630813506348e-03
6.5463620000000000e-03,1.0296533876515869e-02,6.1665003031740948e+00,2.1952900112639433e-03
6.5765779999999996e-03,1.0359196045790777e-02,6.1950112892705320e+00,2.1978253948479699e-03
6.6069340000000001e-03,1.0422228203154017e-02,6.2236542871168874e+00,2.2006131376803803e-03
6.6374310000000001e-03,1.0486240483629122e-02,6.2524302833480618e+00,2.2245026709364945e-03
6.6680680000000001e-03,1.0550112859275094e-02,6.2813392779640544e+00,2.2094291584473171e-03
6.6988459999999996e-03,1.0614315165632366e-02,6.3103812709648688e+00,2.2106715043789965e-03
6.7297670000000002e-03,1.0679397352995439e-02,6.3395584329472845e+00,2.2305866280721200e-03
6.7608299999999998e-03,1.0744369629230406e-02,6.3688703692573450e+00,2.2165808340906790e-03
6.7920360000000004e-03,1.0809871925734843e-02,6.3983172772220289e+00,2.2244201864248842e-03
6.8233870000000002e-03,1.0876134325767953e-02,6.4279013274381205e+00,2.2398014994264698e-03
6.8548819999999996e-03,1.0942296681021977e-02,6.4576213359437391e+00,2.2261889743912916e-03
6.8865230000000003e-03,1.1008989056545473e-02,6.4874792760086875e+00,2.2336562863487157e-03
6.9183100000000004e-03,1.1076451401946663e-02,6.5174753449599470e+00,2.2490395495092423e-03
6.9502430000000000e-03,1.1143883753646824e-02,6.5476103321054406e+00,2.2376764713585608e-03
6.9823239999999998e-03,1.1211716284463326e-02,6.5778854214070472e+00,2.2405394131372871e-03
7.0145529999999998e-03,1.1280478620011681e-02,6.6082992315759066e+00,2.2608918503332245e-03
7.0469310000000002e-03,1.1349131044431929e-02,6.6388543278627639e+00,2.2468403887758847e-03
7.0794580000000003e-03,1.1418273431744617e-02,6.6695503156136589e+00,2.2524894091630601e-03
7.1121350000000003e-03,1.1488205916287006e-02,6.7003893654253748e+00,2.2676601571498217e-03
7.1449629999999998e-03,1.1558178458206425e-02,6.7313702933360311e+00,2.2585683076119410e-03
7.1779430000000000e-03,1.1628950963704561e-02,6.7624942833075092e+00,2.2738892270236974e-03
7.2110750000000000e-03,1.1699773392928752e-02,6.7937633086096127e+00,2.2649388185254876e-03
7.2443600000000000e-03,1.1771025994970310e-02,6.8251763826074416e+00,2.2682467193908722e-03
7.2777980000000003e-03,1.1843078560590590e-02,6.8567342946089154e+00,2.2831854533631700e-03
7.3113910000000004e-03,1.1915191113612921e-02,6.8884382285759189e+00,2.2745616710338119e-03
7.3451389999999997e-03,1.1988253598719113e-02,6.9202893684703328e+00,2.2938734798312451e-03
7.3790419999999997e-03,1.2061236166398225e-02,6.9522883062730996e+00,2.2807809474475931e-03
7.4131020000000004e-03,1.2134648906894705e-02,6.9844342526762961e+00,2.2837324362981024e-03
7.4473200000000003e-03,1.2208891407343950e-02,7.0167293782767093e+00,2.2988763495719483e-03
7.4816950000000000e-03,1.2283194092522232e-02,7.0491742750552788e+00,2.2901193270973711e-03
7.5162290000000001e-03,1.2358476703485399e-02,7.0817693376659667e+00,2.3096323471543524e-03
7.5509219999999998e-03,1.2433679397021485e-02,7.1145143687817924e+00,2.2966138975431161e-03
7.5857759999999998e-03,1.2509722111513322e-02,7.1474113416725595e+00,2.3115413914931780e-03
7.6207899999999997e-03,1.2585974781912354e-02,7.1804602563382698e+00,2.3072670062035945e-03
7.6559660000000002e-03,1.2662537452997662e-02,7.2136632833757064e+00,2.3058943089430775e-03
7.6913040000000004e-03,1.2740110240895861e-02,7.2470182521880835e+00,2.3256741247323072e-03
7.7268060000000001e-03,1.2817592850364001e-02,7.2805283200070914e+00,2.3122188199270095e-03
7.7624710000000000e-03,1.2896095640321032e-02,7.3141932895057460e+00,2.3318835907505395e-03
7.7983009999999997e-03,1.2974518512850986e-02,7.3480143446459341e+00,2.3187588975238558e-03
7.8342959999999993e-03,1.3053961368542854e-02,7.3819912881006715e+00,2.3381401507671933e-03
7.8704580000000003e-03,1.3133324109480664e-02,7.4161262904667442e+00,2.3249666159885171e-03
7.9067860000000007e-03,1.3213726960932393e-02,7.4504181677822698e+00,2.3446617025929574e-03
7.9432819999999994e-03,1.3294049697630062e-02,7.4848692879710157e+00,2.3314985480184466e-03
7.9799469999999994e-03,1.3375412742168630e-02,7.5194802430139198e+00,2.3507887730260407e-03
8.0167810000000006e-03,1.3456855506807299e-02,7.5542502436030619e+00,2.3423285377827461e-03
8.0537839999999996e-03,1.3539118362376696e-02,7.5891822496431489e+00,2.3549422118784376e-03
8.0909590000000000e-03,1.3621471396376150e-02,7.6242752744992783e+00,2.3467066272308953e-03
8.1283050000000006e-03,1.3704794292484491e-02,7.6595303048063519e+00,2.3634328316439156e-03
8.1658240000000003e-03,1.3788217233371916e-02,7.6949493138341740e+00,2.3553154980111160e-03
8.2035149999999998e-03,1.3872460265190067e-02,7.7305311176208642e+00,2.3675874422550750e-03
8.2413810000000007e-03,1.3956813208136324e-02,7.7662792680520667e+00,2.3596449586558185e-03
8.2794219999999998e-03,1.4042156140543471e-02,7.8021911998770390e+00,2.3764506132137784e-03
8.3176380000000005e-03,1.4127599315056681e-02,7.8382702676544458e+00,2.3682201280908837e-03
8.3560300000000004e-03,1.4213952364276720e-02,7.8745152874224091e+00,2.3824804006967685e-03
8.3946000000000003e-03,1.4300425388300869e-02,7.9109292190856300e+00,2.3747236311614421e-03
8.4333480000000002e-03,1.4387828414383850e-02,7.9475102867012870e+00,2.3892967532082462e-03
8.4722740000000001e-03,1.4476301544681779e-02,7.9842612528471077e+00,2.4073688279890580e-03
8.5113800000000007e-03,1.4563784685518822e-02,8.0211821175230895e+00,2.3694770316132763e-03
8.5506669999999996e-03,1.4652767708734218e-02,8.0582742620180987e+00,2.3989721928149178e-03
8.5901350000000005e-03,1.4741861037731681e-02,8.0955380809860920e+00,2.3908802550265959e-03
8.6297849999999992e-03,1.4831904101486024e-02,8.1329731797731100e+00,2.4053112365651661e-03
8.6696189999999999e-03,1.4922077401047461e-02,8.1705831102648041e+00,2.3975928267496683e-03
8.7096359999999998e-03,1.5013200632692751e-02,8.2083660965183469e+00,2.4117530317431103e-03
8.7498379999999994e-03,1.5104873814632543e-02,8.2463241118035420e+00,2.4151205285895751e-03
8.7902250000000005e-03,1.5196677035052448e-02,8.2844571561203928e+00,2.4074453551912733e-03
8.8307990000000003e-03,1.5289440251232210e-02,8.3227672027386994e+00,2.4213809266269985e-03
8.8715600000000006e-03,1.5382433550671171e-02,8.3612552382933707e+00,2.4161612329335592e-03
8.9125090000000008e-03,1.5476396909545994e-02,8.3999200788225163e+00,2.4302016402729491e-03
8.9536479999999998e-03,1.5570840167637257e-02,8.4387640922499063e+00,2.4313465514526201e-03
8.9949760000000000e-03,1.5665433591560640e-02,8.4777880678834610e+00,2.4239822413696923e-03
9.0364950000000003e-03,1.5761006941268908e-02,8.5169931896850635e+00,2.4377771402398964e-03
9.0782050000000006e-03,1.5856900355339452e-02,8.5563790630007528e+00,2.4347159526445341e-03
9.1201080000000000e-03,1.5953623726689750e-02,8.5959470691193918e+00,2.4444843407142461e-03
9.1622049999999997e-03,1.6050927239362550e-02,8.6356981946758822e+00,2.4478177991342637e-03
9.2044959999999995e-03,1.6148470701643568e-02,8.6756340182860701e+00,2.4425053363901893e-03
9.2469820000000008e-03,1.6247024083410503e-02,8.7157541452959908e+00,2.4564573721952967e-03
9.2896639999999996e-03,1.6346077689072862e-02,8.7560591676865887e+00,2.4575995691659886e-03
9.3325430000000004e-03,1.6445481155471547e-02,8.7965520453625690e+00,2.4548382852437106e-03
9.3756199999999994e-03,1.6545724642825981e-02,8.8372310023811078e+00,2.4642590346833997e-03
9.4188959999999995e-03,1.6646568201527948e-02,8.8780989986469123e+00,2.4675435038724399e-03
9.4623720000000001e-03,1.6747761818293221e-02,8.9191560341599825e+00,2.4647083137081189e-03
9.5060479999999996e-03,1.6849815386039271e-02,8.9604030955552201e+00,2.4742021442001306e-03
9.5499260000000002e-03,1.6952648987339017e-02,9.0018399855056455e+00,2.4816920725173209e-03
9.5940060000000004e-03,1.7055502715990767e-02,9.0434700585699250e+00,2.4706593354505641e-03
9.6382900000000007e-03,1.7159576320035619e-02,9.0852921307861756e+00,2.4884851115629810e-03
9.6827790000000007e-03,1.7264090160573845e-02,9.1273079780972246e+00,2.4874862040624658e-03
9.7274719999999992e-03,1.7368983855549424e-02,9.1695179951570278e+00,2.4850427050755412e-03
9.7723719999999997e-03,1.7474747565181782e-02,9.2119229712735109e+00,2.4941343992703657e-03
9.8174790000000005e-03,1.7581291308367837e-02,9.2545250770434571e+00,2.5009032126579156e-03
9.8627950000000006e-03,1.7688535167680507e-02,9.2973231285049849e+00,2.5058117285801096e-03
9.9083190000000005e-03,1.7795848880744251e-02,9.3403200855627997e+00,2.4958443668338572e-03
9.9540540000000004e-03,1.7904262691723974e-02,9.3835159482169033e+00,2.5098193280190437e-03
1.0000000000000000e-02,1.8013316631428255e-02,9.4269111111212531e+00,2.5130436759656953e-03
1.0046160000000000e-02,1.8122700501843839e-02,9.4705079421996192e+00,2.5089867247223780e-03
1.0092530000000001e-02,1.8233064298044308e-02,9.5143060467980369e+00,2.5198304176034534e-03
1.0139110000000000e-02,1.8344098216670365e-02,9.5583070035323523e+00,2.5234432809381267e-03
1.0185909999999999e-02,1.8455792194046007e-02,9.6025110097295432e+00,2.5267840402831945e-03
1.0232929999999999e-02,1.8567816102132956e-02,9.6469210252943185e+00,2.5224919798452106e-03
1.0280160000000000e-02,1.8680890184409823e-02,9.6915350769568729e+00,2.5344948074235677e-03
1.0327609999999999e-02,1.8794654121810323e-02,9.7363559272949320e+00,2.5381923043056713e-03
1.0375280000000001e-02,1.8909038257910359e-02,9.7813839709624588e+00,2.5402866032692138e-03
1.0423170000000001e-02,1.9023772254746725e-02,9.8266209839022736e+00,2.5362858725665773e-03
1.0471289999999999e-02,1.9139636343200091e-02,9.8720669661143798e+00,2.5494902478419268e-03
1.0519620000000000e-02,1.9256090439324983e-02,9.9177238908685812e+00,2.5506338140783382e-03
1.0568180000000000e-02,1.9373294575302548e-02,9.9635909688569537e+00,2.5552998167284926e-03
1.0616960000000000e-02,1.9491338732235859e-02,1.0009668989387423e+01,2.5618322049068528e-03
1.0665960000000000e-02,1.9609412882870200e-02,1.0055969002770890e+01,2.5501969007313240e-03
1.0715189999999999e-02,1.9728787220978684e-02,1.0102468908385548e+01,2.5671952777223772e-03
1.0764650000000001e-02,1.9848771694110704e-02,1.0149198897259405e+01,2.5676118489115786e-03
1.0814340000000000e-02,1.9969575271538545e-02,1.0196128975691432e+01,2.5741183791715720e-03
1.0864260000000001e-02,2.0090710358293535e-02,1.0243288940055674e+01,2.5686000485368315e-03
1.0914399999999999e-02,2.0212914957282530e-02,1.0290668924003111e+01,2.5792452594447022e-03
1.0964780000000000e-02,2.0335847692829361e-02,1.0338258863857742e+01,2.5831664406877454e-03
1.1015390000000000e-02,2.0459522377822663e-02,1.0386069020622548e+01,2.5867868537160286e-03
1.1066240000000000e-02,2.0583988344007546e-02,1.0434108865992592e+01,2.5908902334331641e-03
1.1117320000000000e-02,2.0709352147953452e-02,1.0482358864596808e+01,2.5982136284445597e-03
1.1168630000000001e-02,2.0834755417295441e-02,1.0530849010136224e+01,2.5861598876838116e-03
1.1220180000000000e-02,2.0961421579312280e-02,1.0579548914255852e+01,2.6009530061021843e-03
1.1271969999999999e-02,2.1088894808679128e-02,1.0628478901634677e+01,2.6052168863222201e-03
1.1324000000000001e-02,2.1217139586539514e-02,1.0677638972272701e+01,2.6087183398226187e-03
1.1376270000000001e-02,2.1346094741529500e-02,1.0727018865166942e+01,2.6114911846037499e-03
1.1428779999999999e-02,2.1475829338092240e-02,1.0776638904996380e+01,2.6145605083889960e-03
1.1481540000000000e-02,2.1606092770962568e-02,1.0826478964409015e+01,2.6136291650829852e-03
1.1534529999999999e-02,2.1737388223940623e-02,1.0876548909753867e+01,2.6222407888358687e-03
1.1587770000000001e-02,2.1869522316585559e-02,1.0926858804706937e+01,2.6264036680694867e-03
1.1641260000000000e-02,2.2002457556771101e-02,1.0977388916570183e+01,2.6308123074280268e-03
1.1694990000000001e-02,2.2136182104878419e-02,1.1028168844390674e+01,2.6334135129148502e-03
1.1748979999999999e-02,2.2270707800526340e-02,1.1079168791794357e+01,2.6377614585187488e-03
1.1803210000000000e-02,2.2406052403143101e-02,1.1130408886133242e+01,2.6413808241967118e-03
1.1857690000000001e-02,2.2542206046379687e-02,1.1181888930080348e+01,2.6447849068754075e-03
1.1912420000000000e-02,2.2678880632844643e-02,1.1233608923635671e+01,2.6425870745470439e-03
1.1967410000000000e-02,2.2816725368303634e-02,1.1285568866799215e+01,2.6529038922371837e-03
1.2022639999999999e-02,2.2955351518605182e-02,1.1337768759570981e+01,2.6556788326686257e-03
1.2078139999999999e-02,2.3094806442224593e-02,1.1390208799277945e+01,2.6593214726512498e-03
1.2133890000000000e-02,2.3235101978780696e-02,1.1442888788593129e+01,2.6631656228461864e-03
1.2189900000000000e-02,2.3376246021352711e-02,1.1495818791192537e+01,2.6666169590097749e-03
1.2246160000000001e-02,2.3518240543210438e-02,1.1548988743400164e+01,2.6705783240737638e-03
1.2302690000000000e-02,2.3661146715717816e-02,1.1602398842542993e+01,2.6756395288693104e-03
1.2359469999999999e-02,2.3804901394241105e-02,1.1656068821319066e+01,2.6784932992628247e-03
1.2416520000000000e-02,2.3949476953003042e-02,1.1709978749703357e+01,2.6817983828756678e-03
1.2473840000000000e-02,2.4094920750478931e-02,1.1764138888698852e+01,2.6854398857429347e-03
1.2531410000000000e-02,2.4241455766156671e-02,1.1818558710000611e+01,2.6926772667114074e-03
1.2589250000000000e-02,2.4388270986146651e-02,1.1873218875564554e+01,2.6859636899239123e-03
1.2647360000000000e-02,2.4536428029603641e-02,1.1928138723434758e+01,2.6976958094847882e-03
1.2705740000000000e-02,2.4685421739457723e-02,1.1983308781916167e+01,2.7006262809072873e-03
1.2764390000000000e-02,2.4835417870372457e-02,1.2038738720030818e+01,2.7060490416654795e-03
1.2823309999999999e-02,2.4986223041907007e-02,1.2094418671429695e+01,2.7084285769975363e-03
1.2882500000000000e-02,2.5137977356217499e-02,1.2150358699788795e+01,2.7128036713947100e-03
1.2941960000000001e-02,2.5290663053875687e-02,1.2206558805108120e+01,2.7168222691156449e-03
1.3001700000000000e-02,2.5444218963517628e-02,1.2263018790060693e+01,2.7197299073128027e-03
1.3061710000000001e-02,2.5598814786346517e-02,1.2319748718322510e+01,2.7251193076678021e-03
1.3122000000000000e-02,2.5754219649795219e-02,1.2376728659868551e+01,2.7273608787951320e-03
1.3182569999999999e-02,2.5910695998747735e-02,1.2433978742050819e+01,2.7332074119009110e-03
1.3243420000000001e-02,2.6068060319112248e-02,1.2491488703866333e+01,2.7362967283707123e-03
1.3304540000000000e-02,2.6226377728792310e-02,1.2549268806318075e+01,2.7399987705505830e-03
1.3365960000000000e-02,2.6385652174327517e-02,1.2607318654752085e+01,2.7437529956046312e-03
1.3427649999999999e-02,2.6545897468606517e-02,1.2665628777473296e+01,2.7481556683588873e-03
1.3489630000000001e-02,2.6707172809723428e-02,1.2724218709852781e+01,2.7526118322229141e-03
1.3551890000000000e-02,2.6869369667839017e-02,1.2783068719192489e+01,2.7561059027079765e-03
1.3614450000000000e-02,2.7032545267777611e-02,1.2842198735517451e+01,2.7596068812467422e-03
1.3677290000000000e-02,2.7196780513601183e-02,1.2901608758827660e+01,2.7644366501258146e-03
1.3740420000000000e-02,2.7361957009121481e-02,1.2961278661771113e+01,2.7681710103806883e-03
1.3803840000000000e-02,2.7528131979162821e-02,1.3021238635375820e+01,2.7714316743510741e-03
1.3867559999999999e-02,2.7695378434707971e-02,1.3081468749616754e+01,2.7767912721554703e-03
1.3931570000000001e-02,2.7863654937091038e-02,1.3141978673515959e+01,2.7809736244814249e-03
1.3995870000000001e-02,2.8032949646693200e-02,1.3202768604400411e+01,2.7849136713767467e-03
1.4060480000000000e-02,2.8203217178308947e-02,1.3263838739597096e+01,2.7880654114712210e-03
1.4125380000000000e-02,2.8374522649841832e-02,1.3325198550801074e+01,2.7918187519094303e-03
1.4190580000000000e-02,2.8546939072274617e-02,1.3386828699968259e+01,2.7975986552469258e-03
1.4256080000000001e-02,2.8720405274243365e-02,1.3448758588818741e+01,2.8010094186920057e-03
1.4321880000000000e-02,2.8894940988446124e-02,1.3510968681981449e+01,2.8055851603736360e-03
1.4387990000000000e-02,2.9070786953799027e-02,1.3573468648478432e+01,2.8135369538380894e-03
1.4454399999999999e-02,2.9247363028979571e-02,1.3636248621960664e+01,2.8126178681887283e-03
1.4521120000000000e-02,2.9425119119503171e-02,1.3699328532453171e+01,2.8179508996722187e-03
1.4588139999999999e-02,2.9603905256864693e-02,1.3762698513606933e+01,2.8213064625616751e-03
1.4655480000000000e-02,2.9783902981886136e-02,1.3826358565421947e+01,2.8274831686360300e-03
1.4723129999999999e-02,2.9964948513173738e-02,1.3890318554247232e+01,2.8306060493873200e-03
1.4791080000000000e-02,3.0147114861710265e-02,1.3954578480082796e+01,2.8348359598589158e-03
1.4859360000000000e-02,3.0330392161146691e-02,1.4019128476579613e+01,2.8393076589162641e-03
1.4927940000000001e-02,3.0514857369005388e-02,1.4083978607413682e+01,2.8444847448447731e-03
1.4996850000000001e-02,3.0700403928716924e-02,1.4149128477931049e+01,2.8479958323489592e-03
1.5066070000000001e-02,3.0887091038375419e-02,1.4214578482785669e+01,2.8523620444822159e-03
1.5135610000000001e-02,3.1074928564329907e-02,1.4280338488326565e+01,2.8564098255385766e-03
1.5205480000000000e-02,3.1262835154727546e-02,1.4346398628204723e+01,2.8444776342318417e-03
1.5275660000000000e-02,3.1454291657503380e-02,1.4412758507766171e+01,2.8851243257387495e-03
1.5346169999999999e-02,3.1645627790821140e-02,1.4479428585340875e+01,2.8698951655391101e-03
1.5417000000000000e-02,3.1838145912751761e-02,1.4546418529950881e+01,2.8738361115447368e-03
1.5488170000000001e-02,3.2031921007547808e-02,1.4613708608898143e+01,2.8796978370008949e-03
1.5559659999999999e-02,3.2226899796924564e-02,1.4681308491204701e+01,2.8843066396558332e-03
1.5631480000000000e-02,3.2423025056057701e-02,1.4749218571524519e+01,2.8880139474066172e-03
1.5703630000000000e-02,3.2620361902850760e-02,1.4817448518879637e+01,2.8922321420823674e-03
1.5776109999999999e-02,3.2819060305808889e-02,1.4885998530597030e+01,2.8985903573187865e-03
1.5848930000000001e-02,3.3019787230125983e-02,1.4954858543000707e+01,2.9149998280624235e-03
1.5922090000000000e-02,3.3220034649880596e-02,1.5024048486115683e+01,2.8941694520813565e-03
1.5995579999999999e-02,3.3422391495056158e-02,1.5093548429916936e+01,2.9116116374746231e-03
1.6069409999999999e-02,3.3625948088272815e-02,1.5163368438080472e+01,2.9154478575809128e-03
1.6143589999999999e-02,3.3830905703050626e-02,1.5233518376955310e+01,2.9217076745212582e-03
1.6218099999999999e-02,3.4037001894505599e-02,1.5303988380192427e+01,2.9245946074601369e-03
1.6292959999999999e-02,3.4244530679838597e-02,1.5374788511467827e+01,2.9311920980167696e-03
1.6368170000000001e-02,3.4453136870484818e-02,1.5445918376127549e+01,2.9327511256230804e-03
1.6443719999999998e-02,3.4663414420655410e-02,1.5517368502476531e+01,2.9429975972825387e-03
1.6519619999999999e-02,3.4874722017663902e-02,1.5589158425885840e+01,2.9434158301539395e-03
1.6595869999999999e-02,3.5087499700676712e-02,1.5661278477333429e+01,2.9503262787802598e-03
1.6672470000000002e-02,3.5301548169443586e-02,1.5733728459492321e+01,2.9544309382635689e-03
1.6749429999999999e-02,3.5516934515137870e-02,1.5806518436038520e+01,2.9590110605074737e-03
1.6826740000000000e-02,3.5733721882393293e-02,1.5879638343296023e+01,2.9648200522462555e-03
1.6904410000000002e-02,3.5951841206766727e-02,1.5953098442267805e+01,2.9692217601995203e-03
1.6982440000000001e-02,3.6171399044827593e-02,1.6026908401975920e+01,2.9746370127977538e-03
1.7060820000000001e-02,3.6392265160768801e-02,1.6101048292395333e+01,2.9790456216182240e-03
1.7139570000000000e-02,3.6614544137889990e-02,1.6175538438205038e+01,2.9840051285311064e-03
1.7218689999999998e-02,3.6839421911343630e-02,1.6250368381075067e+01,3.0051843530634220e-03
1.7298160000000000e-02,3.7063340675672310e-02,1.6325548382008403e+01,2.9784352427347600e-03
1.7378009999999999e-02,3.7289937167125621e-02,1.6401078243678068e+01,3.0000914399174027e-03
1.7458220000000000e-02,3.7517976118805973e-02,1.6476958360738021e+01,3.0052530295938211e-03
1.7538809999999998e-02,3.7747453584173758e-02,1.6553188338534298e+01,3.0103310010276630e-03
1.7619760000000002e-02,3.7978272873008569e-02,1.6629768374393883e+01,3.0140922009755529e-03
1.7701089999999999e-02,3.8210690510384976e-02,1.6706708334665798e+01,3.0207662774326231e-03
1.7782790000000000e-02,3.8444588100114703e-02,1.6783998353001024e+01,3.0262328146341676e-03
1.7864880000000000e-02,3.8679987348165620e-02,1.6861648295748576e+01,3.0315443865324438e-03
1.7947339999999999e-02,3.8916884307998105e-02,1.6939658360235441e+01,3.0367486732737559e-03
1.8030180000000000e-02,3.9155164529963503e-02,1.7018028349134639e+01,3.0404524144043137e-03
1.8113400000000002e-02,3.9395112164913655e-02,1.7096758262446162e+01,3.0477314766080166e-03
1.8197010000000000e-02,3.9636600923581067e-02,1.7175858163846019e+01,3.0529590352668728e-03
1.8280999999999999e-02,3.9879638699044970e-02,1.7255328250661190e+01,3.0582296459440868e-03
1.8365380000000001e-02,4.0124168266481033e-02,1.7335158261888690e+01,3.0631283107201072e-03
1.8450149999999998e-02,4.0370357353822627e-02,1.7415358261204521e+01,3.0696893945358753e-03
1.8535320000000001e-02,4.0618125057007778e-02,1.7495928248608685e+01,3.0751860732243807e-03
1.8620870000000001e-02,4.0867573986066302e-02,1.7576878287777188e+01,3.0815170890687955e-03
1.8706819999999999e-02,4.1118402230718137e-02,1.7658198117707038e+01,3.0844659275382847e-03
1.8793170000000001e-02,4.1371022204352403e-02,1.7739898196728205e+01,3.0920407502765678e-03
1.8879910000000000e-02,4.1625279991924356e-02,1.7821968263837707e+01,3.0980575077720891e-03
1.8967060000000001e-02,4.1881270310384605e-02,1.7904428249060565e+01,3.1044186797804189e-03
1.9054610000000000e-02,4.2138748474277406e-02,1.7987268088720779e+01,3.1081441604534983e-03
1.9142559999999999e-02,4.2398008500803615e-02,1.8070488177472310e+01,3.1153538816845136e-03
1.9230919999999999e-02,4.2658967512631443e-02,1.8154098184337194e+01,3.1211456811568563e-03
1.9319679999999999e-02,4.2921937286390002e-02,1.8238088045639433e+01,3.1309704490670330e-03
1.9408860000000000e-02,4.3185976572382559e-02,1.8322468219708991e+01,3.1291626131856871e-03
1.9498450000000001e-02,4.3452095684749004e-02,1.8407248178240931e+01,3.1389389305514028e-03
1.9588450000000000e-02,4.3720115055937120e-02,1.8492408188537205e+01,3.1472444666889600e-03
1.9678859999999999e-02,4.3989545315035412e-02,1.8577968180622840e+01,3.1490215523702326e-03
1.9769700000000001e-02,4.4261033694539743e-02,1.8663928154497835e+01,3.1583115636951782e-03
1.9860949999999999e-02,4.4534313803026498e-02,1.8750288110162188e+01,3.1644308566910933e-03
1.9952620000000001e-02,4.4808024084330621e-02,1.8837037983939901e+01,3.1551663349445886e-03
2.0044719999999999e-02,4.5086103184981775e-02,1.8924198100509955e+01,3.1904397515077633e-03
2.0137240000000001e-02,4.5364772293304462e-02,1.9011758001542390e+01,3.1826110472584317e-03
2.0230189999999999e-02,4.5645383099114714e-02,1.9099718081691162e+01,3.1902063451469975e-03
2.0323569999999999e-02,4.5927623825783435e-02,1.9188088009978319e+01,3.1938548795873252e-03
2.0417379999999999e-02,4.6211983844222128e-02,1.9276878047406843e+01,3.2026117644967495e-03
2.0511620000000001e-02,4.6498253987831514e-02,1.9366068066624724e+01,3.2096656791838385e-03
2.0606300000000001e-02,4.6786183651346437e-02,1.9455667933980990e+01,3.2135054661416463e-03
2.0701410000000000e-02,4.7076293777995271e-02,1.9545697974154624e+01,3.2223702898423476e-03
2.0796970000000001e-02,4.7368434399272866e-02,1.9636127996117615e+01,3.2305711636026520e-03
2.0892959999999999e-02,4.7662124037346952e-02,1.9726987993570997e+01,3.2323315684085925e-03
2.0989399999999998e-02,4.7958215144773039e-02,1.9818268889473664e+01,3.2437357729465008e-03
2.1086279999999999e-02,4.8256155206005888e-02,1.9909968710555816e+01,3.2490800714423465e-03
2.1183609999999999e-02,4.8555985659711393e-02,2.0002088838106310e+01,3.2547767971896754e-03
2.1281390000000001e-02,4.8858055774644929e-02,2.0094637165204368e+01,3.2639176136969555e-03
2.1379619999999998e-02,4.9162178090175090e-02,2.0187617638389604e+01,3.2708191850594000e-03
2.1478299999999999e-02,4.9468157252591224e-02,2.0281028284392200e+01,3.2756347965693260e-03
2.1577440000000000e-02,4.9776439220869148e-02,2.0374876996291388e+01,3.2848822539949430e-03
2.1677040000000002e-02,5.0086830614568020e-02,2.0469147987928725e+01,3.2925440616234872e-03
2.1777100000000001e-02,5.0399120293818753e-02,2.0563868885081472e+01,3.2969459605849084e-03
2.1877620000000000e-02,5.0713781843374432e-02,2.0659017981781783e+01,3.3070366453058679e-03
2.1978600000000001e-02,5.1030613989715000e-02,2.0754616983997508e+01,3.3141783804983239e-03
2.2080050000000000e-02,5.1349383887003518e-02,2.0850648132300407e+01,3.3194427320921813e-03
2.2181960000000001e-02,5.1670685489451133e-02,2.0947127212848912e+01,3.3302722271081791e-03
2.2284350000000001e-02,5.1994207020428750e-02,2.1044058172182634e+01,3.3376491185211979e-03
2.2387210000000001e-02,5.2319468975373880e-02,2.1141437063761963e+01,3.3401690003850839e-03
2.2490550000000002e-02,5.2647501401124445e-02,2.1239267834126508e+01,3.3530598249223052e-03
2.2594360000000001e-02,5.2977822819848155e-02,2.1337548510006471e+01,3.3610006826485851e-03
2.2698650000000001e-02,5.3310083962789641e-02,2.1436277118132036e+01,3.3653988367677917e-03
2.2803420000000001e-02,5.3645036645744382e-02,2.1535477337740865e+01,3.3765316677276521e-03
2.2908680000000001e-02,5.3983008431499918e-02,2.1635127462865107e+01,3.3915841584158013e-03
2.3014420000000001e-02,5.4321459721817927e-02,2.1735237359853780e+01,3.3807975085250056e-03
2.3120650000000000e-02,5.4663522095878062e-02,2.1835816895055913e+01,3.4009142453552215e-03
2.3227370000000001e-02,5.5007612991297153e-02,2.1936868041741306e+01,3.4051161882443924e-03
2.3334580000000001e-02,5.5354525662536604e-02,2.2038376987021330e+01,3.4175576377279359e-03
2.3442290000000001e-02,5.5703899001222197e-02,2.2140357543784614e+01,3.4258818521313967e-03
2.3550490000000000e-02,5.6055350193011853e-02,2.2242807738761357e+01,3.4304589841868747e-03
2.3659199999999998e-02,5.6409713931032883e-02,2.2345737438300578e+01,3.4427744334957402e-03
2.3768399999999999e-02,5.6766106190412856e-02,2.2449148615672083e+01,3.4463611036902879e-03
2.3878110000000001e-02,5.7125637922051713e-02,2.2553027457987238e+01,3.4610679482553128e-03
2.3988329999999999e-02,5.7487671759802586e-02,2.2657397644483702e+01,3.4687476366936074e-03
2.4099050000000000e-02,5.7851854488370498e-02,2.2762247335542643e+01,3.4733791286346237e-03
2.4210289999999999e-02,5.8219127357452168e-02,2.2867578504433865e+01,3.4868393937691187e-03
2.4322040000000000e-02,5.8589050327881198e-02,2.2973406937315811e+01,3.4954970073277645e-03
2.4434310000000001e-02,5.8961183360491200e-02,2.3079716848030035e+01,3.5004547563806084e-03
2.4547090000000001e-02,5.9336487437676944e-02,2.3186527969274589e+01,3.5137172310591232e-03
2.4660390000000001e-02,5.9714050908788764e-02,2.3293828461430646e+01,3.5187487356786824e-03
2.4774220000000000e-02,6.0094842649300650e-02,2.3401618324498205e+01,3.5327231121280683e-03
2.4888569999999999e-02,6.0478608107407836e-02,2.3509917291175306e+01,3.5435745130551516e-03
2.5003450000000000e-02,6.0864331049161016e-02,2.3618717468382741e+01,3.5452418521137647e-03
2.5118860000000000e-02,6.1253753871797531e-02,2.3728016882850692e+01,3.5628994403322091e-03
2.5234810000000000e-02,6.1645258494077725e-02,2.3837827374198000e+01,3.5652752071016415e-03
2.5351289999999999e-02,6.2040362360481216e-02,2.3948146969154848e+01,3.5814477614610151e-03
2.5468299999999999e-02,6.2438487302955308e-02,2.4058977640991049e+01,3.5921910052343852e-03
2.5585859999999998e-02,6.2838680232184460e-02,2.4170317416436795e+01,3.5943392882462604e-03
2.5703960000000001e-02,6.3242744716769911e-02,2.4282178135110914e+01,3.6122106971492422e-03
2.5822600000000001e-02,6.3649088327979511e-02,2.4394547957394575e+01,3.6161275594423503e-03
2.5941789999999999e-02,6.4059062755629254e-02,2.4507446615985828e+01,3.6313489705316095e-03
2.6061540000000001e-02,6.4472279265567714e-02,2.4620868191075260e+01,3.6431914264339702e-03
2.6181830000000000e-02,6.4887853832922476e-02,2.4734806762853452e+01,3.6473562979512128e-03
2.6302679999999998e-02,6.5307248650618627e-02,2.4849287983827868e+01,3.6634376723662858e-03
2.6424090000000001e-02,6.5729023231698935e-02,2.4964288174760849e+01,3.6675989636061274e-03
2.6546060000000000e-02,6.6154898267432871e-02,2.5079817202001426e+01,3.6863033118690281e-03
2.6668589999999999e-02,6.6584013412185714e-02,2.5195896771517436e+01,3.6967327372250157e-03
2.6791679999999998e-02,6.7015587251114866e-02,2.5312497284261816e+01,3.7013030969708484e-03
2.6915350000000001e-02,6.7451293117014532e-02,2.5429648339281641e+01,3.7191800434570070e-03
2.7039580000000001e-02,6.7889339280902267e-02,2.5547347963307100e+01,3.7217295086089007e-03
2.7164390000000000e-02,6.8331773996835057e-02,2.5665576423640147e+01,3.7422014520571141e-03
2.7289780000000000e-02,6.8776760150625005e-02,2.5784367265867459e+01,3.7459634551495371e-03
2.7415740000000001e-02,6.9226075658365888e-02,2.5903696810751381e+01,3.7653332892364981e-03
2.7542290000000001e-02,6.9678881880390828e-02,2.6023586764259768e+01,3.7768487581678343e-03
2.7669420000000000e-02,7.0134318471065091e-02,2.6144037126392618e+01,3.7811143329891913e-03
2.7797130000000000e-02,7.0594224517846402e-02,2.6265038030800905e+01,3.8008480104370556e-03
2.7925439999999999e-02,7.1056820131371184e-02,2.6386597370563845e+01,3.8055127185364955e-03
2.8054340000000001e-02,7.1523977944683806e-02,2.6508726985300271e+01,3.8250985587798231e-03
2.8183830000000000e-02,7.1994813932911919e-02,2.6631417008661156e+01,3.8376061502830607e-03
2.8313919999999999e-02,7.2468440124643527e-02,2.6754677306995529e+01,3.8424877931641970e-03
2.8444609999999999e-02,7.2946778484668115e-02,2.6878507880303385e+01,3.8628453963092876e-03
2.8575910000000000e-02,7.3427944540322476e-02,2.7002916621663935e+01,3.8676225672911180e-03
2.8707810000000000e-02,7.3914022064520093e-02,2.7127897611267777e+01,3.8892116772187677e-03
2.8840319999999999e-02,7.4403998769851279e-02,2.7253456768924323e+01,3.9023573785949657e-03
2.8973440000000000e-02,7.4896826850049877e-02,2.7379598041173178e+01,3.9069534610871566e-03
2.9107170000000002e-02,7.5394633489965071e-02,2.7506327347823753e+01,3.9281098671815132e-03
2.9241520000000000e-02,7.5895431606903818e-02,2.7633636795796836e+01,3.9337073949502321e-03
2.9376500000000000e-02,7.6401419423428221e-02,2.7761548091060273e+01,3.9557711887938342e-03
2.9512090000000001e-02,7.6911527427304310e-02,2.7890047420725431e+01,3.9697328009828722e-03
2.9648310000000001e-02,7.7424646640901970e-02,2.8019136758062118e+01,3.9749155444137397e-03
2.9785160000000001e-02,7.7943135121637516e-02,2.8148827942689159e+01,3.9978698801046370e-03
2.9922649999999999e-02,7.8466842901005807e-02,2.8279117028066945e+01,4.0195828979054686e-03
3.0060759999999999e-02,7.8991740562066176e-02,2.8410017827084108e+01,4.0098889006135261e-03
3.0199520000000001e-02,7.9523230917543167e-02,2.8541516526852018e+01,4.0417917166866062e-03
3.0338910000000000e-02,8.0057819306613154e-02,2.8673626940259300e+01,4.0465272591487435e-03
3.0478950000000001e-02,8.0598098605799140e-02,2.8806356960385180e+01,4.0705132017126409e-03
3.0619629999999998e-02,8.1142886826488264e-02,2.8939696720880637e+01,4.0857147085373311e-03
3.0760969999999999e-02,8.1690976327560214e-02,2.9073656088094683e+01,4.0914608098752102e-03
3.0902949999999998e-02,8.2245027076711372e-02,2.9208237035297127e+01,4.1168587431453137e-03
3.1045600000000000e-02,8.2803746582219853e-02,2.9343437589218166e+01,4.1325237900637591e-03
3.1188899999999999e-02,8.3365816699856266e-02,2.9479267616206823e+01,4.1380402411563032e-03
3.1332859999999997e-02,8.3934045392552351e-02,2.9615727116263091e+01,4.1640830609944194e-03
3.1477480000000002e-02,8.4507116489348513e-02,2.9752816089386982e+01,4.1802858664516827e-03
3.1622780000000003e-02,8.5083656594460891e-02,2.9890536508848292e+01,4.1863080824723837e-03
3.1768739999999997e-02,8.5666578254120829e-02,3.0028906134075260e+01,4.2127862867574681e-03
3.1915380000000000e-02,8.6254577136987587e-02,3.0167917071988676e+01,4.2298749414452514e-03
3.2062689999999998e-02,8.6846208809564340e-02,3.0307567349318727e+01,4.2365234347402792e-03
3.2210690000000000e-02,8.7444350299225912e-02,3.0447866832414437e+01,4.2633192686357220e-03
3.2359369999999998e-02,8.8045311591438052e-02,3.0588807628196594e+01,4.2639271963598830e-03
3.2508730000000000e-02,8.8654803329014778e-02,3.0730417362442459e+01,4.3040243018782143e-03
3.2658779999999998e-02,8.9268875025807617e-02,3.0872666436104957e+01,4.3168765952726106e-03
3.2809530000000003e-02,8.9888195620280248e-02,3.1015586421500970e+01,4.3333379356048770e-03
3.2960969999999999e-02,9.0511419342426083e-02,3.1159167452281466e+01,4.3405714442781166e-03
3.3113110000000001e-02,9.1141861285516546e-02,3.1303417421525666e+01,4.3704823397444446e-03
3.3265959999999997e-02,9.1777753399806900e-02,3.1448336329233580e+01,4.3879168311977768e-03
3.3419499999999998e-02,9.2419735024713720e-02,3.1593916282325974e+01,4.4098216222076729e-03
3.3573760000000001e-02,9.3065138299461475e-02,3.1740177013500901e+01,4.4126900608465703e-03
3.3728729999999998e-02,9.3718361642444209e-02,3.1887116549488553e+01,4.4455247431680065e-03
3.3884419999999998e-02,9.4377325227288048e-02,3.2034746729907766e+01,4.4636102385884743e-03
3.4040819999999999e-02,9.5040178126916453e-02,3.2183045848790684e+01,4.4697022114589891e-03
3.4197940000000003e-02,9.5711721306763628e-02,3.2332047451723973e+01,4.5069527214940033e-03
3.4355789999999997e-02,9.6388837000538519e-02,3.2481725886200195e+01,4.5238026182220512e-03
3.4514370000000003e-02,9.7072180333816233e-02,3.2632106804726796e+01,4.5440827198887559e-03
3.4673690000000000e-02,9.7761794718532455e-02,3.2783186260764168e+01,4.5645808027374654e-03
3.4833730000000000e-02,9.8455939730719685e-02,3.2934956361233091e+01,4.5736611496107913e-03
3.4994520000000001e-02,9.9158293545293361e-02,3.3087436838831614e+01,4.6061884487465605e-03
3.5156040000000000e-02,9.9867078246159730e-02,3.3240625720289934e+01,4.6268677864796858e-03
3.5318320000000000e-02,1.0058255430493297e-01,3.3394526952147650e+01,4.6489300321825361e-03
3.5481340000000000e-02,1.0130468028294715e-01,3.3549136587865171e+01,4.6706401878699932e-03
3.5645110000000001e-02,1.0203360614870743e-01,3.3704466467061309e+01,4.6927601407574376e-03
3.5809639999999997e-02,1.0276933190221382e-01,3.3860516589736065e+01,4.7146759060215353e-03
3.5974930000000002e-02,1.0351005792140466e-01,3.4017286955889439e+01,4.7249109469207125e-03
3.6140989999999998e-02,1.0425968338741352e-01,3.4174787431870456e+01,4.7595123845797218e-03
3.6307810000000003e-02,1.0501651128820860e-01,3.4333016044409320e+01,4.7831292245528491e-03
3.6475390000000003e-02,1.0578053767725028e-01,3.4491976740045622e+01,4.8063855406729949e-03
3.6643759999999997e-02,1.0655186516456838e-01,3.4651687278207618e+01,4.8295340820638192e-03
3.6812900000000003e-02,1.0733049375016292e-01,3.4812125952927445e+01,4.8531227707674287e-03
3.6982820000000000e-02,1.0811672139777435e-01,3.4973316443442776e+01,4.8776304675161282e-03
3.7153520000000002e-02,1.0891054810740269e-01,3.5135246910134761e+01,4.9022690161097957e-03
3.7325020000000000e-02,1.0971207648907774e-01,3.5297937085701463e+01,4.9267165573034484e-03
3.7497299999999997e-02,1.1052140520628977e-01,3.5461377103793843e+01,4.9518393760490005e-03
3.7670380000000003e-02,1.1133863489579876e-01,3.5625576830760942e+01,4.9770465798200944e-03
3.7844259999999998e-02,1.1216386422109496e-01,3.5790536266602750e+01,5.0026197112336889e-03
3.8018940000000001e-02,1.1299709318217835e-01,3.5956255411319262e+01,5.0279583720321246e-03
3.8194430000000001e-02,1.1383872235281925e-01,3.6122755970878337e+01,5.0548128659127995e-03
3.8370719999999997e-02,1.1468865306952744e-01,3.6290016239312116e+01,5.0814860257424833e-03
3.8547840000000000e-02,1.1554698399579312e-01,3.6458065815667673e+01,5.1076054154973191e-03
4.2687299999999997e-02,1.1553658289065392e-01,4.0388625885672134e+01,-2.6462145225986657e-06
4.3701680000000000e-02,1.2005824185038791e-01,4.1351184923008368e+01,4.6975393553492194e-03
4.4740420000000003e-02,1.2483711060932132e-01,4.2336965399403248e+01,4.8478021967023437e-03
4.5804110000000002e-02,1.2989239105592110e-01,4.3346545482909491e+01,5.0073099986709061e-03
4.6893360000000002e-02,1.3524528005442663e-01,4.4380505314849586e+01,5.1770763555306276e-03
4.8008769999999999e-02,1.4091858071069793e-01,4.5439425036546048e+01,5.3576305550172426e-03
4.9150989999999999e-02,1.4693709307963729e-01,4.6523926227987289e+01,5.5495673185394136e-03
5.0320650000000001e-02,1.5332741881147829e-01,4.7634656121669138e+01,5.7532670797743202e-03
5.1518429999999997e-02,1.6011835777901681e-01,4.8772234324310212e+01,5.9696458245879118e-03
5.2745010000000002e-02,1.6734111329767043e-01,4.9937325827834584e+01,6.1993032279481575e-03
5.4001080000000000e-02,1.7502948550591943e-01,5.1130595624166389e+01,6.4431130594972052e-03
5.5287339999999997e-02,1.8321977467508629e-01,5.2352763956784202e+01,6.7014411604199653e-03
5.6604540000000002e-02,1.9195148369338608e-01,5.3604513577040393e+01,6.9756034889091262e-03
5.7953409999999997e-02,2.0126700826256724e-01,5.4886574594762585e+01,7.2660539868311894e-03
5.9334730000000002e-02,2.1121236700773907e-01,5.6199704745555700e+01,7.5737799022929627e-03
6.0749270000000001e-02,2.2183714227927778e-01,5.7544663738294432e+01,7.8997020198389428e-03
6.2197839999999997e-02,2.3319484915427982e-01,5.8922244827440174e+01,8.2446739175586880e-03
6.3681249999999995e-02,2.4534326497261918e-01,6.0333233374375098e+01,8.6098613945019536e-03
6.5200350000000004e-02,2.5834482399090836e-01,6.1778483804924512e+01,8.9960596056329022e-03
6.6755999999999996e-02,2.7226681470947867e-01,6.3258813052787467e+01,9.4046582803579155e-03
6.8349080000000006e-02,2.8718195212062392e-01,6.4775113035915581e+01,9.8365347075817615e-03
6.9980490000000006e-02,3.0316841717399601e-01,6.6328253966292579e+01,1.0292990636394812e-02
7.1651160000000005e-02,3.2031062635182878e-01,6.7919153414377547e+01,1.0775168222270471e-02
7.3362020000000000e-02,3.3869976445178546e-01,6.9548782228914263e+01,1.1284249478114725e-02
7.5114050000000002e-02,3.5843376485426048e-01,7.1218061926901413e+01,1.1821865698283368e-02
7.6908229999999994e-02,3.7961880920743080e-01,7.2928002822478859e+01,1.2389343051542170e-02
7.8745599999999999e-02,4.0236841972314574e-01,7.4679601416897853e+01,1.2987913205799922e-02
8.0627169999999998e-02,4.2680568897180649e-01,7.6473921302582980e+01,1.3619237820200534e-02
8.2554009999999997e-02,4.5306270763412215e-01,7.8312031991768237e+01,1.4284786447737797e-02
8.4527229999999995e-02,4.8128200498806756e-01,8.0195010889766863e+01,1.4986518109119011e-02
8.6547940000000004e-02,5.1161678570125924e-01,8.2124012359414465e+01,1.5725638984989201e-02
8.8617260000000003e-02,5.4423233085251743e-01,8.4100180897197603e+01,1.6504434985007036e-02
9.0736380000000005e-02,5.7930607686265712e-01,8.6124700464998924e+01,1.7324478640742654e-02
9.2906489999999994e-02,6.1702941117001120e-01,8.8198831982223510e+01,1.8187532465555559e-02
9.5128829999999998e-02,6.5760792875550422e-01,9.0323781116721847e+01,1.9096230082266453e-02
9.7404640000000001e-02,7.0126277396611991e-01,9.2500879825611918e+01,2.0051844701553110e-02
9.9735219999999999e-02,7.4823223886344248e-01,9.4731469932360781e+01,2.1056968178605303e-02
1.0212190000000000e-01,7.9877192108524087e-01,9.7016879447546799e+01,2.2114059596747990e-02
1.0456600000000001e-01,8.5315715096732891e-01,9.9358570564095047e+01,2.3224766707170993e-02
1.0706889999999999e-01,9.1168372165339207e-01,1.0175788905201219e+02,2.4392997837010967e-02
1.0834280000000000e-01,9.4259850556020308e-01,1.0297978901993662e+02,2.5300584923759473e-02
1.0963210000000000e-01,9.7466954664162397e-01,1.0421658914815437e+02,2.5930657953307151e-02
1.1093670000000000e-01,1.0079406120219172e+00,1.0546839007342547e+02,2.6578559504649605e-02
1.1225680000000000e-01,1.0424558437466080e+00,1.0673588835999088e+02,2.7230988862492023e-02
1.1359329999999999e-01,1.0782480967579406e+00,1.0801908992766005e+02,2.7892931175533559e-02
1.1495190000000000e-01,1.1151244050017386e+00,1.0932418887034909e+02,2.8255565181761384e-02
1.1633090000000000e-01,1.1532347567158376e+00,1.1064928887577594e+02,2.8760358884627985e-02
1.1772900000000000e-01,1.1926851559541323e+00,1.1199328885938971e+02,2.9352975981606657e-02
1.1914630000000000e-01,1.2335565857093964e+00,1.1335608818443039e+02,2.9990791016897476e-02
1.2058250000000000e-01,1.2759190970596879e+00,1.1473748755064771e+02,3.0666375261407926e-02
1.2203760000000000e-01,1.3198456417896769e+00,1.1613768823156178e+02,3.1371606462377556e-02
1.2351170000000000e-01,1.3654032518746202e+00,1.1755678889066274e+02,3.2103156173435420e-02
1.2500480000000000e-01,1.4126649185645843e+00,1.1899478755468084e+02,3.2866279971292836e-02
1.2651730000000000e-01,1.4617006534722303e+00,1.2045188747040594e+02,3.3652966676101181e-02
1.2804920000000000e-01,1.5125864472177277e+00,1.2192848723833849e+02,3.4461466709252229e-02
1.2960070000000001e-01,1.5653973235190408e+00,1.2342438755822829e+02,3.5303740228629366e-02
1.3117200000000001e-01,1.6202132590013443e+00,1.2494008766733583e+02,3.6165422930911746e-02
1.3276310000000000e-01,1.6771122570200070e+00,1.2647558756566114e+02,3.7055683351538832e-02
1.3437450000000001e-01,1.7361823451410052e+00,1.2803138649046474e+02,3.7967687969995965e-02
1.3600630000000000e-01,1.7975055127247135e+00,1.2960758705177645e+02,3.8905688202950400e-02
1.3765859999999999e-01,1.8611727669745128e+00,1.3120428593981666e+02,3.9874302366393374e-02
1.3933170000000000e-01,1.9272771080962861e+00,1.3282198633838553e+02,4.0863154376579024e-02
1.4102580000000001e-01,1.9959124834654229e+00,1.3446078691097327e+02,4.1881468994581617e-02
1.4274120000000001e-01,2.0671800823574951e+00,1.3612108625808042e+02,4.2924547923389129e-02
1.4447800000000000e-01,2.1411826331985213e+00,1.3780308565322699e+02,4.3996776131169521e-02
1.4623659999999999e-01,2.2180233379992749e+00,1.3950688573317302e+02,4.5099601593625374e-02
1.4801719999999999e-01,2.2978152651195489e+00,1.4123308637193907e+02,4.6224016680536419e-02
1.4982010000000001e-01,2.3806701016302751e+00,1.4298168559625529e+02,4.7383548704893225e-02
1.5164540000000001e-01,2.4667082169895256e+00,1.4475328525341209e+02,4.8565213371812840e-02
1.5349350000000000e-01,2.5560493886744280e+00,1.4654798598016947e+02,4.9780540205341978e-02
1.5536449999999999e-01,2.6488216818952917e+00,1.4836608574026792e+02,5.1027064222174817e-02
1.5725890000000001e-01,2.7451559244401507e+00,1.5020788447071769e+02,5.2304435306747443e-02
1.5917690000000001e-01,2.8451884692524922e+00,1.5207398401880911e+02,5.3605149261544062e-02
1.6111860000000000e-01,2.9490602077963528e+00,1.5396448502130227e+02,5.4944027221819028e-02